,Jurisdiction,Gender,2003Average scale score,2003Standard Error,2005Average scale score,2005Standard Error,2007Average scale score,2007Standard Error,2009Average scale score,2009Standard Error,2011Average scale score,2011Standard Error,2013 std,2013 mean,2013 median,2013Average scale score_y,2013Average scale score_x,2013Standard Error,2015 std,2015 mean,2015 median,2015Average scale score_y,2015Average scale score_x,2015Standard Error,2017 std,2017 mean,2017 median,2017Average scale score_y,2017Average scale score_x,2017Standard Error,2019 std,2019 mean,2019 median,2019Average scale score_y,2019Average scale score_x,2019Standard Error,2022 std,2022 mean,2022 median,2022Average scale score_y,2022Average scale score_x,2022Standard Error,2024 std,2024 mean,2024 median,2024Average scale score_y,2024Average scale score_x,2024Standard Error,2025 std,2025 mean,2025 median,2025Average scale score
1,National public,Male,235.291531,-0.265,238.2755789,-0.183,240.158235,-0.19,239.9739911,-0.256,240.7065321,-0.234,1.609964066,239.4751271,239.6537904,241.7302417,241.691513,-0.265,1.619982752,239.6952421,239.6537904,241.9765728,240.7819115,-0.313,1.521556406,239.7499293,239.6537904,241.6969747,240.2359022,-0.298,1.418172187,239.751533,239.6537904,241.3327999,241.5465558,-0.274,1.404335599,239.8598075,239.6537904,241.5844621,237.5795465,-0.35,1.377230374,239.6763135,239.6537904,240.4233831,239.9503971,-0.31,1.311685228,239.6813291,239.6537904,240.2871812
2,National public,Female,232.5561941,-0.243,235.8912684,-0.184,237.9432368,-0.206,238.1749342,-0.263,239.4969727,-0.245,1.915750581,237.2056243,236.9695681,240.1153645,240.6473304,-0.222,2.054133337,237.5056551,236.9695681,240.5100838,238.8953671,-0.303,1.933866652,237.5291153,236.9695681,239.9849013,238.0442934,-0.245,1.802850523,237.4887426,236.9695681,239.3833082,238.4056873,-0.226,1.708830259,237.5032478,236.9695681,239.2466309,232.0480848,-0.336,1.971007923,237.0987799,236.9695681,237.2753284,234.5618803,-0.382,1.950572335,236.9599866,236.9695681,236.7491935
3,Alabama,Male,223.3074958,-1.309,224.970393,-1.222,228.6308853,-1.563,227.7181926,-1.423,230.8049374,-1.089,2.649033857,228.79997,230.1435357,231.9936529,233.3084645,-1.162,2.806449237,229.3948001,230.1435357,233.2795542,231.083594,-1.191,2.636048626,229.5483322,230.1435357,232.9914742,232.4585701,-1.161,2.57904276,229.7769692,230.1435357,233.144225,229.3211538,-1.295,2.417587962,229.7444415,230.1435357,232.6479757,232.5050444,-1.518,2.31618595,229.9015479,230.1435357,232.3884175,237.4701613,-1.761,2.745498877,230.2763716,230.1435357,233.1987621
4,Alabama,Female,223.3840041,-1.289,225.1760214,-0.924,228.402657,-1.31,228.2247489,-1.071,231.786781,-1.253,2.553045839,228.741351,229.5310441,232.3151217,232.379943,-1.108,2.595380943,229.1617906,229.5310441,232.932111,230.8636134,-1.18,2.440334044,229.2837061,229.5310441,232.5678527,231.8784817,-1.278,2.376573707,229.4619468,229.5310441,232.5775899,229.9914337,-1.081,2.230933581,229.4804848,229.5310441,232.3126897,227.5417329,-1.375,2.087284592,229.3275855,229.5310441,230.9394388,235.2120675,-1.911,2.357016996,229.623195,229.5310441,231.6505154
5,Alaska,Male,234.5491327,-0.917,235.7884292,-1.344,237.5752964,-1.044,238.4459925,-1.115,237.2658542,-1.094,1.780958479,235.7022087,234.5491327,237.1585899,236.5475156,-1.033,1.689996051,235.5784466,234.5491327,236.4706483,237.9302474,-1.344,1.743333187,235.6451813,234.5491327,236.5718813,230.4517603,-1.133,2.105495239,235.0868038,234.0596981,234.4167459,232.6119082,-1.234,2.073670813,234.8454852,234.0596981,233.5750117,224.0860156,-1.776,3.076062211,234.1552734,234.0596981,231.4116077,229.4045273,-1.602,3.105564604,233.9354052,234.0596981,231.2009619
6,Alaska,Female,231.3158351,-1.069,235.2286793,-1.11,236.9547837,-1.146,235.9293425,-1.27,235.3915694,-1.027,1.990976044,234.0556333,232.5217766,235.6490171,235.6729215,-1.113,1.917160677,234.0310472,232.5217766,235.2705525,234.6749793,-1.33,1.8084632,233.9281798,232.5217766,234.6957474,230.4611871,-1.263,1.91177617,233.5257295,232.5217766,233.1299386,231.9751352,-1.022,1.842501871,233.3493718,232.5217766,232.510046,227.7268174,-1.574,2.118449442,232.9443796,232.5217766,231.2829546,222.4082917,-1.599,3.028951082,232.3991439,232.5217766,229.7012251
7,Arizona,Male,230.6742552,-1.189,232.6591065,-1.289,233.3487375,-1.096,230.2839495,-1.366,236.5505507,-1.284,2.259185376,234.0699902,235.3563436,235.7579283,240.3607011,-1.321,2.814654085,234.9078596,235.3563436,238.2352964,239.1320139,-1.443,2.859701715,235.2874954,235.3563436,238.8775589,235.6316557,-1.302,2.653520959,235.2652719,235.3563436,238.1089756,240.1632377,-1.013,2.770865932,235.5967201,235.3563436,239.0860058,235.278302,-1.652,2.54286163,235.4937948,235.3563436,237.7237439,234.8372699,-2.082,2.42152716,235.4294251,235.3563436,237.0372183
8,Arizona,Female,227.1524607,-1.119,226.760898,-1.213,230.4475138,-1.158,229.6868592,-1.148,233.705628,-1.144,2.334093475,230.9025265,231.8708913,233.7883397,240.2464739,-1.449,3.574107549,232.0313031,231.8708913,237.0213465,236.0339405,-1.101,3.487497021,232.3001441,231.8708913,236.9428956,233.2150457,-1.216,3.245644512,232.2685331,231.8708913,235.9514704,234.9212172,-1.288,3.117070966,232.4007346,231.8708913,236.0760555,228.619511,-1.672,2.969011002,232.0617629,231.8708913,233.7985591,229.7902565,-1.702,2.862158638,231.9169254,231.8708913,232.9296762
9,Arkansas,Male,228.400222,-1.152,236.2089971,-1.154,238.0278081,-1.32,238.8245826,-1.149,237.869938,-0.816,3.043636266,236.0287683,235.2618659,239.9086714,239.3794136,-1.107,2.957103899,236.2326998,235.2618659,239.7721072,235.4081833,-1.115,2.708268704,235.9931775,235.2618659,238.2141446,234.9807022,-1.278,2.520034606,235.8195827,235.2618659,237.1804147,234.8719631,-1.275,2.368508228,235.7034612,235.2618659,236.5955643,229.5603512,-1.607,2.562860971,235.2836174,235.2618659,234.805145,234.3483635,-1.636,2.446309968,235.23953,235.2618659,234.7481403
10,Arkansas,Female,229.6274233,-1.022,234.8048266,-1.043,237.3054027,-1.206,236.1995327,-0.963,237.7467447,-0.992,2.484189617,234.743376,233.4581129,237.9173788,240.4316914,-1.112,2.90448721,235.1825234,233.4581129,238.7840948,235.0222045,-1.007,2.68054127,234.9355672,233.4581129,237.2114379,232.6649876,-1.089,2.557081053,234.6008225,233.4581129,235.6035566,231.5484643,-1.219,2.508009086,234.2978566,233.4581129,234.3452386,226.6169585,-1.683,2.871118576,233.7579062,233.4581129,232.3666649,226.0710053,-1.43,3.191662814,233.362447,233.4581129,231.2577976
11,California,Male,229.3958645,-1.063,231.3907225,-0.692,230.8378902,-0.779,232.6138321,-1.272,234.6473537,-1.473,1.599919529,232.6674171,233.2525987,234.7781129,234.9705023,-1.363,1.62986558,232.9471456,233.2525987,235.2465887,232.8099543,-1.669,1.494658206,232.9164036,233.2525987,234.6479376,233.2656862,-1.453,1.39388322,232.9443331,233.2525987,234.4093322,236.2376959,-1.157,1.541439138,233.187725,233.2525987,235.1887582,233.8608053,-1.864,1.426105491,233.2011214,233.2525987,234.6672553,235.7482789,-1.592,1.466800881,233.3190697,233.2525987,234.7814318
12,California,Female,225.4217068,-1.051,229.3089264,-0.602,229.2211181,-0.789,230.6765415,-1.402,233.681134,-1.549,2.125921591,230.2644702,230.2128101,233.4840347,232.2685857,-1.281,2.029316663,230.4081005,230.2128101,233.2551429,230.314725,-1.426,1.853119821,230.3242447,230.2128101,232.3698275,231.2155055,-1.257,1.736796491,230.3558415,230.2128101,232.095551,233.1798304,-1.023,1.774392469,230.5326269,230.2128101,232.5967306,226.8119536,-1.579,1.815292352,230.2473892,230.2128101,230.9670458,230.2408836,-1.295,1.726698856,230.2376652,230.2128101,230.7844791
13,Colorado,Male,236.964551,-1.164,240.6833631,-1.286,241.5565361,-1.298,243.965015,-1.2,245.5288817,-1.035,2.362523075,242.4994756,242.5307692,246.1733319,248.0523886,-1.067,2.76867963,243.0569995,242.5307692,247.2794125,242.8910386,-1.338,2.528556552,242.9080887,242.5307692,245.8868527,240.2821937,-1.092,2.421006433,242.6204106,242.5307692,244.2872176,244.5313377,-1.176,2.317073863,242.7368016,242.5307692,244.5609691,239.2403208,-1.355,2.256733986,242.4813458,242.5307692,243.104943,244.1428345,-1.515,2.176637968,242.5626167,242.5307692,243.263262
14,Colorado,Female,233.3645278,-1.067,237.6461626,-1.166,238.7805112,-1.074,242.2698015,-1.14,243.3457519,-1.026,2.810895247,239.5255688,238.9744672,243.9510645,245.8667569,-0.925,3.25161907,240.0903001,238.9744672,244.9377537,240.1838857,-1.008,2.978674352,239.8991583,238.9744672,243.2840157,241.1372973,-1.377,2.79170297,239.8740616,238.9744672,242.5690199,239.1150547,-1.171,2.62041402,239.7374337,238.9744672,241.7683197,232.9391357,-1.422,2.829612223,239.2246299,238.9744672,239.3236701,234.0702535,-1.319,2.906325437,238.9460171,238.9744672,238.3201166
15,Connecticut,Male,243.0023214,-0.881,243.5593714,-1.023,243.486192,-1.217,246.4001882,-1.275,243.407619,-1.544,1.191332133,243.4635149,243.0023214,244.1207691,243.5298105,-1.184,1.089455178,243.3641946,243.0023214,243.661472,240.9046971,-1.234,1.207500755,243.0579452,242.6646721,242.5330009,241.4876106,-1.315,1.195244308,242.9083195,242.6646721,242.1025967,245.6012138,-1.083,1.292565847,243.0882458,242.6646721,242.8920242,236.7432315,-1.669,1.848253312,242.6766417,242.6646721,241.4404999,241.1891376,-1.527,1.788732299,242.6127105,242.6646721,241.4695558
16,Connecticut,Female,238.138899,-0.917,240.6207691,-0.934,242.0095808,-1.275,242.9610879,-1.066,241.3478588,-1.332,1.427428121,240.6756304,239.8564988,242.2521133,243.3453246,-1.097,1.561024256,240.8552091,239.8564988,242.5564952,239.3880422,-1.093,1.484511836,240.5882519,239.8564988,241.2849718,236.9166503,-1.251,1.664003667,240.2234862,239.8564988,239.8520743,240.89969,-1.112,1.568012125,240.2487605,239.8564988,239.9977959,235.9368378,-1.593,1.733095478,239.959159,239.8564988,239.0126103,236.8567463,-1.514,1.779743422,239.8045682,239.8564988,238.6620947
17,Delaware,Male,236.8724339,-0.807,240.920966,-0.695,242.1347785,-0.648,241.1687191,-0.736,241.2765448,-0.755,1.762636843,239.8231866,238.6012904,241.4532621,243.2254937,-0.868,1.954265537,240.0422033,238.6012904,241.901052,239.5317904,-0.758,1.819470706,239.8227638,238.6012904,240.7802243,235.5916588,-1.103,2.008041132,239.3702533,238.6012904,238.992635,240.6493838,-0.973,1.914448864,239.4104056,238.6012904,239.2052086,227.2017844,-1.648,3.242210105,238.6162629,238.6012904,236.3550625,236.0406412,-1.328,3.136660126,238.5071393,238.6012904,236.4358144
18,Delaware,Female,234.8285739,-0.701,238.4664786,-0.746,241.4488111,-0.636,237.7510974,-0.702,239.4109477,-0.73,1.983366026,237.7082741,236.4869181,239.2291601,242.9873079,-0.813,2.459711704,238.1506382,236.4869181,240.4798511,237.8270979,-0.906,2.280979982,237.9190688,236.4869181,239.2251396,236.668776,-1.112,2.156706996,237.68523,236.4869181,238.1661631,237.9730927,-0.997,2.039297488,237.6188947,236.4869181,237.8825765,223.9014336,-1.451,3.584176946,236.6932651,236.4869181,234.4257685,230.0924827,-1.392,3.696931853,236.3676564,236.4869181,233.7438988
19,District of Columbia,Male,204.005506,-0.958,211.5209982,-1.004,212.9743558,-1.191,217.9480023,-1.232,220.1863936,-1.184,6.590982616,218.1999501,220.1863936,225.1819304,228.2704012,-1.114,6.842654245,219.6833987,222.5455787,228.5672333,229.5421328,-1.207,6.950108549,220.7152665,222.5455787,230.2924684,231.3590099,-1.139,7.08511302,221.5707473,222.5455787,231.5061063,235.4184962,-1.086,7.502790226,222.5431066,222.5455787,234.1859929,223.6795709,-1.327,6.899356262,222.4178755,222.5455787,230.4147307,233.0964989,-1.471,6.973791863,222.8882573,222.5455787,230.4271862
20,District of Columbia,Female,205.8467072,-0.957,210.7327549,-1.005,214.3933745,-1.162,220.5677797,-1.024,223.4278604,-1.265,6.537722482,219.3902508,222.8610652,227.4897704,228.871789,-0.943,6.700961635,220.6766416,222.8610652,229.9741076,233.0572211,-0.958,7.14611425,221.878974,222.8610652,232.2417573,231.2817799,-1.241,7.123608514,222.5553742,222.8610652,232.6792642,233.8385137,-0.863,7.26528775,223.2983299,222.8610652,234.4636356,221.5512588,-1.416,6.672072179,222.96444,222.8610652,230.0735491,227.9026782,-1.475,6.445755895,223.1375334,222.8610652,229.2198328
21,DoDEA,Male,238.8033094,-0.593,240.9393399,-0.838,241.3082918,-0.595,242.2707461,-0.804,241.5644124,-0.684,3.004918791,243.525034,242.2707461,244.7586842,245.7252522,-0.689,2.901331121,244.0729753,245.7252522,246.2574061,249.2210289,-0.932,3.087349232,244.7380212,246.4013892,248.0915807,250.9749457,-0.763,3.33309855,245.320688,246.4013892,249.5139582,252.2761383,-0.832,3.582800846,245.8561242,246.4013892,251.1156578,252.8426532,-0.727,3.670794409,246.2354345,246.4013892,251.0041142,254.489163,-0.795,3.932178539,246.6173977,246.4013892,251.3695864
22,DoDEA,Female,235.5126664,-0.539,236.6802128,-0.835,238.779425,-0.663,238.271683,-0.795,240.0774926,-0.6,2.740970821,240.1285312,240.0774926,242.0583332,244.3022131,-0.549,2.855388435,240.8303718,242.4763747,243.9588953,245.9349553,-0.959,3.030114636,241.4092051,242.4763747,245.3119753,246.0778846,-0.753,3.09449057,241.8098567,242.4763747,245.9865522,248.6342362,-0.733,3.368934172,242.3074323,242.4763747,247.4520144,246.2204282,-0.755,3.232084474,242.4683186,242.4763747,246.5797466,246.7489242,-0.628,3.219349566,242.6450757,242.4763747,246.3564981
23,Florida,Male,234.6379905,-1.207,239.9521257,-0.863,243.4081942,-0.882,242.5444211,-0.974,240.0950471,-0.968,2.79065372,241.5726449,242.7712179,244.0037984,241.7707523,-0.847,2.536478809,241.6654213,242.7712179,243.7204346,242.9760355,-1.202,2.374370318,241.8523309,242.7712179,243.9207587,247.4765145,-0.959,2.660849564,242.3467671,242.7712179,245.2886678,248.1766587,-1.007,2.885535448,242.766559,242.7712179,246.5905793,243.6117599,-1.78,2.659191926,242.7531521,242.7712179,245.4545146,245.8338978,-1.132,2.620466525,242.8837196,242.7712179,245.358757
24,Florida,Female,232.7312413,-1.086,237.9096349,-0.72,240.5550832,-0.887,241.3373227,-1.141,239.5488893,-0.942,2.62633608,239.6122245,240.3391279,242.6835615,241.5785049,-0.931,2.461928119,239.8426607,240.3391279,242.7556128,242.3444212,-1.042,2.37849771,240.0700749,240.3391279,242.941184,245.23157,-0.861,2.602166952,240.463611,240.3391279,243.8072134,243.616981,-0.943,2.567787758,240.6527821,240.3391279,244.1834064,237.9390785,-1.085,2.421719407,240.4023816,240.3391279,242.266008,240.9376803,-1.479,2.307399598,240.4069077,240.3391279,241.8980615
25,Georgia,Male,231.3138405,-1.273,234.1663164,-1.262,236.173353,-0.985,236.5085199,-1.139,237.7186606,-0.951,1.912109352,236.0812539,236.5308158,238.8085858,240.7352786,-1.151,2.267697177,236.6053799,236.5308158,239.994511,237.2736825,-1.519,2.088057312,236.5948254,236.5308158,239.2530098,236.6667509,-1.381,1.934726691,236.5545534,236.5308158,238.6007412,237.7926681,-1.297,1.840113102,236.6249818,236.5308158,238.654076,235.9738163,-1.557,1.692844995,236.5433459,236.5308158,237.7792187,237.5160873,-1.561,1.625218773,236.5795846,236.5308158,237.6524989
26,Georgia,Female,229.1522259,-1.071,233.0928752,-0.989,234.2372681,-0.915,235.5460739,-1.005,239.0413241,-0.889,2.609996318,235.1337561,235.2830965,239.1354071,239.351913,-1.084,2.721743466,235.5390361,235.2830965,239.6312704,235.6144962,-1.198,2.48777274,235.4408772,235.2830965,238.4375256,236.0913659,-1.304,2.314380033,235.4347049,235.2830965,237.8460601,237.4976218,-1.266,2.231038353,235.5518892,235.2830965,238.0440691,233.8423597,-1.337,2.076811944,235.381686,235.2830965,236.7169173,234.6465381,-1.676,1.980563606,235.3247404,235.2830965,236.2409061
27,Hawaii,Male,227.3680915,-1.137,229.0529167,-1.043,233.1320926,-1.065,235.2669195,-1.345,237.9613843,-0.855,3.627459205,234.714884,236.1801114,239.6469899,242.4885495,-1.069,4.109271007,235.660378,236.1801114,241.754025,237.6891841,-1.076,3.82596601,235.7811709,236.1801114,240.896586,238.0754512,-1.147,3.612486421,235.9188141,236.1801114,240.4056563,238.5036615,-1.196,3.451759488,236.0857564,236.1801114,240.5644724,237.9326386,-1.198,3.203161014,236.1296683,236.1801114,239.4510319,240.5103355,-1.227,3.196969939,236.3221001,236.1801114,239.445853
28,Hawaii,Female,226.3111821,-1.067,231.1735082,-1.054,235.5057209,-0.956,236.1308716,-1.293,239.6961644,-0.908,3.897813255,235.5703915,236.4012894,241.2813106,244.2001624,-0.849,4.461530311,236.5245098,236.4012894,243.270061,238.1186827,-1.198,4.119117804,236.5311184,236.4012894,241.8916289,237.750739,-0.95,3.83689199,236.5365963,236.4012894,240.8894841,238.638686,-1.134,3.635499578,236.6428892,236.4012894,240.8359732,234.9225401,-1.265,3.352410318,236.447202,236.4012894,238.9300913,237.9659258,-1.379,3.207913839,236.4965733,236.4012894,238.5928202
29,Idaho,Male,236.6100365,-0.777,242.4524501,-0.986,241.5728943,-0.771,241.9403591,-0.956,241.2557373,-0.721,1.699016925,241.1925842,241.330376,242.7728601,242.9239977,-1.115,1.624190049,241.3691762,241.330376,243.0227589,239.3257997,-1.178,1.574057166,241.136901,241.330376,241.8530828,241.643382,-0.982,1.465441542,241.1819621,241.330376,241.8741039,243.498863,-1.3,1.485393662,241.3510248,241.330376,242.4519186,241.4862069,-1.54,1.363857244,241.3384233,241.330376,242.0934012,241.9244096,-1.601,1.304069542,241.3601172,241.330376,242.0144238
30,Idaho,Female,233.1883459,-0.86,240.798993,-0.749,240.2026052,-0.947,240.1308958,-0.884,239.3714352,-0.818,2.294183909,238.4941401,237.6623329,240.5997948,238.4680526,-0.98,2.061384104,238.3416273,237.6623329,239.6275361,238.228111,-0.977,1.888237816,238.2421732,237.6623329,239.0279891,238.2289001,-1.072,1.753413671,238.1833243,237.6623329,238.6795202,240.2246804,-1.069,1.721839724,238.2879746,237.6623329,239.0428612,230.6930068,-1.173,2.309323581,237.7656039,237.6623329,236.9193278,234.7506354,-1.34,2.291063525,237.6144118,237.6623329,236.5601485
31,Illinois,Male,234.0741756,-1.268,234.3708402,-1.151,239.4608347,-1.242,239.6526887,-1.145,239.6411493,-1.219,2.114340048,238.0935067,238.1717572,241.04835,238.9127862,-1.326,1.924218249,238.119638,238.1717572,240.464395,237.7269534,-1.423,1.758981597,238.0400608,238.1717572,239.6908804,239.6449667,-1.377,1.688837356,238.1545037,238.1717572,239.7853646,238.5543614,-1.441,1.584716893,238.1715844,238.1717572,239.6757049,240.1299368,-1.65,1.52417597,238.260138,238.1717572,239.5766342,237.7206363,-1.589,1.45328562,238.2139629,238.1717572,239.1424886
32,Illinois,Female,231.5285942,-1.088,231.7355545,-1.07,235.154995,-1.126,236.9052525,-1.187,237.9593053,-1.197,2.1234699,235.3877523,235.490117,238.633354,239.0910365,-1.35,2.256982732,235.7474809,235.490117,239.144448,236.8637847,-1.255,2.097729122,235.76274,235.490117,238.4991356,236.6028134,-1.113,1.961195407,235.7668503,235.490117,237.99745,236.2229624,-1.202,1.840802273,235.7629682,235.490117,237.7481939,233.9518687,-1.429,1.731062889,235.5947589,235.490117,236.5726006,234.3751193,-1.637,1.665338182,235.5164013,235.490117,236.0946563
33,Indiana,Male,238.7837411,-0.956,239.9430009,-1.139,246.0786854,-0.939,242.9870434,-1.057,245.195882,-1.131,2.497833834,243.824263,244.643429,246.6805614,248.8641463,-1.089,2.758109084,244.4316974,244.643429,248.1107239,248.4573428,-1.303,2.791785619,244.7633776,244.643429,248.5168709,248.2432237,-1.506,2.761029031,244.9769102,244.643429,248.5734943,247.1848799,-1.374,2.650473914,245.0827281,244.643429,248.6037283,243.3760591,-1.525,2.455539541,244.8764956,244.643429,246.858113,241.9637148,-1.985,2.411319796,244.6939665,244.643429,245.8057917
34,Indiana,Female,237.1391149,-0.995,240.196553,-0.929,244.0953556,-1.046,242.2299855,-1.089,242.4179582,-1.159,1.925480683,241.7990752,241.9615769,244.0654766,248.3203502,-1.037,2.664771008,242.5225753,241.9615769,246.0637016,246.8325272,-1.226,2.754346398,242.8126621,241.9615769,246.3759628,244.6945339,-1.224,2.616595421,242.8425726,241.9615769,245.8237451,242.4415552,-1.305,2.453471525,242.7304006,241.9615769,245.0866624,234.6172258,-1.66,2.86940512,242.1355596,241.9615769,242.2458225,238.5921866,-1.41,2.831427872,241.9434781,241.9615769,241.5453027
35,Iowa,Male,240.4520502,-0.888,241.6678409,-0.962,244.3337518,-0.966,243.3199286,-0.975,243.6458681,-0.883,1.152905943,243.0693958,243.1894931,244.516546,247.0438176,-1.133,1.613677194,243.5109397,243.1894931,245.7205536,243.7406008,-1.288,1.478514135,243.4590563,243.1894931,245.0859724,245.0853816,-1.309,1.44292326,243.5440102,243.1894931,245.0884722,242.6775925,-1.42,1.363220532,243.4463224,243.1894931,244.5510269,242.7324258,-1.353,1.260227826,243.357832,243.1894931,243.9202824,240.3851658,-1.557,1.352823735,243.1905663,243.1894931,243.2141783
36,Iowa,Female,236.3334599,-0.786,237.8675187,-0.828,241.231026,-0.946,241.8441682,-0.989,241.5014384,-0.928,1.764107486,239.986996,239.632271,242.5632652,244.4407601,-1.092,2.130378032,240.4014598,239.632271,243.4377916,242.9266802,-1.165,2.102885407,240.5114308,239.632271,243.2213537,240.9940059,-1.184,1.963831249,240.4393425,239.632271,242.4645264,238.5590956,-1.146,1.889885052,240.2348405,239.632271,241.4708078,236.7752207,-1.462,1.894461851,239.9462984,239.632271,240.0761831,233.4816072,-1.322,2.266872465,239.5967846,239.632271,238.8160843
37,Kansas,Male,243.5499181,-1.228,246.9311268,-1.019,248.8950069,-1.034,246.161674,-1.163,246.6733565,-1.079,1.913839391,245.4145357,243.8834507,246.400472,247.2268987,-0.873,1.870668282,245.4293757,243.8834507,246.2972742,242.2941255,-1.18,1.93463005,244.9686307,243.8834507,244.5280198,242.4832381,-1.261,1.920381965,244.689364,243.8834507,243.6303249,241.8627139,-1.049,1.935761556,244.4414336,243.8834507,242.8001408,236.9051269,-1.415,2.461002603,243.9694675,243.8834507,241.541125,239.7347723,-1.366,2.517994776,243.7732573,243.8834507,241.3490036
38,Kansas,Female,239.7755321,-1.058,244.537138,-1.163,246.9188407,-1.032,244.3872114,-1.086,245.8271511,-1.005,2.604191446,243.0516104,240.9667561,245.2032065,245.0764504,-0.936,2.505410479,242.9982072,240.9667561,244.6223823,239.7961884,-1.186,2.479463375,242.4710031,240.9667561,242.4749953,239.8473267,-1.004,2.416921305,242.1407196,240.9667561,241.3183823,236.9658944,-1.156,2.600320176,241.6992114,240.9667561,239.7200237,233.0732971,-1.648,3.083116237,241.1500444,240.9667561,238.2783407,234.4292865,-1.447,3.2767721,240.8258508,240.9667561,237.7259346
39,Kentucky,Male,230.2729525,-1.22,233.1733126,-1.118,236.6220931,-1.098,240.0342356,-1.206,241.6281906,-0.946,3.51559201,237.8965843,238.5039056,243.2194362,242.1582929,-1.092,3.471821672,238.3230735,238.5039056,243.4682764,243.3384126,-1.413,3.513405649,238.7174019,238.5039056,243.792703,240.7846346,-1.029,3.313789384,238.7891239,238.5039056,243.0865183,239.4470675,-1.307,3.108216462,238.7831952,238.5039056,242.6070764,235.7648988,-1.599,2.919659618,238.5142549,238.5039056,240.5362064,240.3188712,-1.414,2.806647199,238.5850122,238.5039056,240.3693566
40,Kentucky,Female,227.0820451,-1.178,229.7370211,-1.069,233.5466001,-0.863,237.5675195,-1.224,240.0109139,-0.901,3.936005791,235.1905471,235.6767354,241.2544296,240.7526667,-1.014,3.989941035,235.7363812,235.6767354,241.7561307,240.0898172,-1.229,3.88605859,236.0275958,235.6767354,241.5393444,237.5202772,-1.139,3.631532614,236.0353831,235.6767354,240.5221201,239.1649439,-1.113,3.497535397,236.1979278,235.6767354,240.677013,231.7664913,-1.317,3.341383945,235.8091367,235.6767354,237.9862195,235.2057938,-1.548,3.180034157,235.748317,235.6767354,237.3231116
41,Louisiana,Male,226.6152808,-1.145,231.25314,-1.086,230.3403619,-1.159,230.1209562,-1.082,230.919843,-1.295,1.504139488,230.6111078,231.2261348,231.9569572,232.5265323,-1.473,1.490646825,230.8690707,231.2261348,232.5220601,234.5610408,-1.31,1.726875734,231.2226977,231.2261348,233.4238035,228.6041819,-1.48,1.72104912,230.9775948,231.2261348,232.1172362,232.1218441,-1.359,1.637872773,231.0671562,231.2261348,232.3365518,229.6165373,-1.621,1.536968502,230.9804206,231.2261348,231.6477665,236.8077648,-1.571,1.922244397,231.2852586,231.2261348,232.5859821
42,Louisiana,Female,225.8738895,-1.267,229.1328424,-1.078,229.7434724,-1.076,228.6899391,-1.213,230.6320601,-0.983,1.371043462,229.4287317,229.7882907,231.0619505,230.1206193,-1.269,1.261415151,229.5067102,229.7882907,230.9462468,233.9881231,-1.225,1.717866291,229.9332044,229.7882907,232.1541711,229.3514084,-1.391,1.594016636,229.8405393,229.7882907,231.3982404,230.4603358,-1.233,1.501320574,229.8689334,229.7882907,231.3417858,227.4491386,-1.453,1.473229817,229.6956961,229.7882907,230.2848827,232.2293686,-1.674,1.503876269,229.8243416,229.7882907,230.617463
43,Maine,Male,239.2005417,-0.918,242.6572977,-0.883,243.5626484,-1.019,246.5404608,-0.949,245.8186285,-0.839,2.219080104,243.1933791,241.9698385,246.2748597,246.0843743,-1.045,2.238810513,243.3134425,241.9698385,246.0481656,243.7114624,-1.173,2.076142306,243.1725265,241.9698385,245.0209261,240.2348413,-1.309,2.064541503,242.8121563,241.9698385,243.3953764,242.5361553,-1.147,1.941498889,242.7297899,241.9698385,243.0310996,235.5016465,-1.446,2.402001291,242.2208791,241.9698385,241.0920203,235.8201663,-1.271,2.666654626,241.8912035,241.9698385,240.1612333
44,Maine,Female,235.9361831,-0.857,238.6549947,-1.064,241.1906577,-0.936,242.2710866,-1.075,242.5929802,-1.016,2.110575144,239.8643054,238.7713757,242.9116489,245.5934069,-0.771,2.654348165,240.3331864,238.7713757,243.9020492,240.7223303,-0.996,2.457553392,240.1545607,238.7713757,242.5739557,239.5559952,-1.148,2.29759554,239.9600013,238.7713757,241.4427565,238.9713632,-1.312,2.174483503,239.7963192,238.7713757,240.6737417,230.6297582,-1.387,2.851713399,239.1358702,238.7713757,238.0207611,230.366377,-1.338,3.299995097,238.6785672,238.7713757,236.6367783
45,Maryland,Male,234.6201775,-1.405,239.7372571,-1.153,242.100786,-1.199,244.2405097,-1.145,248.4429916,-1.06,3.729846905,241.7838194,240.2814635,247.5706179,245.8242324,-1.595,3.64194141,241.9354038,240.2814635,246.8515739,239.8001239,-1.226,3.370211957,241.4796108,240.2814635,244.2596921,242.0755965,-1.341,3.138728004,241.3904842,240.2814635,243.4358272,239.8842153,-1.438,2.962500228,241.1913808,240.2814635,242.467257,231.0448719,-1.593,3.527023503,240.4807421,240.2814635,239.5101872,235.3253366,-1.838,3.533171748,240.2160061,240.2814635,238.7759438
46,Maryland,Female,231.5019167,-1.355,237.0748177,-1.223,238.5859158,-0.928,243.346193,-1.063,245.7398646,-0.935,4.019584606,239.2678234,237.7267984,245.5223321,244.4991741,-1.346,4.034192402,239.542437,237.7267984,245.1273698,239.195581,-1.31,3.701152961,239.2295809,237.7267984,242.9098792,239.0633464,-1.432,3.441372252,239.0410415,237.7267984,241.562265,237.2141346,-1.461,3.253893519,238.8013851,237.7267984,240.3896002,225.9102815,-1.587,4.130873707,237.9082788,237.7267984,236.6746453,232.8635574,-1.476,4.076949739,237.6529248,237.7267984,236.0277039
47,Massachusetts,Male,243.8839968,-0.883,248.1705873,-0.876,253.8228747,-0.984,253.4405668,-1.067,254.6604633,-0.876,3.276838098,251.2194189,250.5420393,256.0475432,253.1116934,-1.179,3.022318965,251.2368379,250.5420393,255.0416764,252.8679975,-1.293,2.81618363,251.2527434,250.5420393,254.3279927,251.5534018,-1.135,2.614299054,251.1735898,250.5420393,253.4715802,248.805864,-1.279,2.50487296,250.9446575,250.5420393,252.3500747,245.953677,-1.492,2.545866791,250.5874139,250.5420393,250.6441767,249.6913092,-1.62,2.429062579,250.5384611,250.5420393,250.4597418
48,Massachusetts,Female,239.3113216,-1,246.5374837,-0.947,250.9880031,-0.94,251.0823898,-1.067,252.1302003,-0.93,3.818911635,248.0515329,246.7453796,253.4844123,252.9553546,-1.095,3.813129761,248.3359447,246.7453796,253.2996856,248.159727,-1.393,3.49661513,248.0726746,246.7453796,251.3806873,246.5965685,-1.189,3.262429161,247.7979524,246.7453796,249.7885338,245.7621154,-1.234,3.092405,247.5656821,246.7453796,248.6960768,237.5469999,-1.271,3.602803367,246.8749663,246.7453796,245.8503333,243.1290113,-1.761,3.521063661,246.6867679,246.7453796,245.397311
49,Michigan,Male,238.1285839,-1.106,239.7895244,-1.274,238.4106597,-1.433,237.5802861,-1.297,237.6307559,-1.092,0.745099089,237.9151616,237.5683813,237.3382806,237.1663414,-1.305,0.716581151,237.8037437,237.5683813,237.0968667,236.7470255,-1.34,0.726063361,237.6948603,237.5683813,236.864579,236.8113307,-1.635,0.715816823,237.6263959,237.5683813,236.7791578,238.0763475,-1.468,0.677166047,237.6606905,237.5683813,237.0045232,235.3792551,-1.8,0.808520201,237.5291006,237.5683813,236.7071892,237.5320837,-1.41,0.769098941,237.539967,237.5683813,236.9148522
50,Michigan,Female,233.0602548,-1.023,235.5103121,-1.412,236.7798357,-1.282,234.9529816,-0.964,235.1538283,-1.239,1.047642651,234.786264,234.2414491,235.439631,236.4491402,-1.307,1.089505513,234.9030065,234.2414491,235.7224803,234.6838555,-1.428,1.008075789,234.8043894,234.2414491,235.2225486,234.2812085,-1.284,0.950481637,234.7113827,234.2414491,234.8205625,234.1536202,-1.292,0.905004054,234.6384874,234.2414491,234.5361441,228.8713427,-1.598,1.532018204,234.2617588,234.2414491,233.1860653,232.7595603,-1.532,1.494439056,234.1949471,234.2414491,233.1719033
51,Minnesota,Male,243.5355303,-1.091,246.8689597,-1.188,249.1128874,-1.218,251.2868955,-1.321,249.9546854,-1.209,2.155763867,248.6367605,248.4664405,251.7428848,254.0396536,-1.453,2.589589442,249.1692124,248.4664405,252.8997342,250.1874149,-1.348,2.397192458,249.1271651,248.4664405,251.9956418,250.3992494,-1.561,2.256837744,249.1335607,248.4664405,251.4866106,250.9247919,-1.326,2.168528786,249.196223,248.4664405,251.4904222,242.6429331,-1.516,2.45216218,248.6970172,248.4664405,249.0199557,244.1778446,-1.506,2.521909194,248.4496642,248.4664405,248.0805851
52,Minnesota,Female,240.0664472,-1.023,244.6023052,-1.132,244.6765326,-1.113,247.556902,-1.233,248.4181035,-0.96,2.318393478,245.3251594,244.7669301,248.8635831,252.7827216,-1.108,3.151042971,246.0438511,244.7669301,250.5885507,248.9440693,-1.454,3.035260381,246.1125989,244.7669301,249.927723,247.1810569,-1.446,2.847420416,246.0340216,244.7669301,248.947697,245.766507,-1.315,2.676148595,245.9050571,244.7669301,248.1609426,235.2715205,-1.492,3.395434835,245.1243333,244.7669301,244.6755322,237.1700651,-1.466,3.649191377,244.702213,244.7669301,243.2784369
53,Mississippi,Male,222.9602755,-1.167,227.4109268,-0.99,228.0980413,-1.127,226.6838904,-1.119,229.2251917,-1.191,3.189714919,229.3964766,229.2251917,231.5209799,230.6511027,-1.01,3.000920551,229.780856,230.6511027,232.2590182,234.0892446,-1.163,3.067323748,230.3510266,232.0163651,233.697509,235.4568755,-1.092,3.182814287,230.8426471,232.0163651,234.7922491,241.8004089,-1.048,4.034047135,231.6697749,232.0163651,237.5490712,234.6424193,-1.213,3.778343923,231.7843256,232.0163651,236.2888094,241.1616388,-1.206,4.13498205,232.2301828,232.0163651,236.9341723
54,Mississippi,Female,222.8261413,-1.101,225.9592777,-1.058,227.1144662,-1.165,227.854993,-1.137,230.5605441,-0.971,3.043437721,229.1487143,230.5605441,232.2743281,231.5740655,-0.783,2.918976151,229.5828296,231.2243481,232.9827265,234.4085069,-1.089,3.048402462,230.1291226,231.2243481,234.1636328,233.9021712,-1.008,3.025537258,230.4576453,231.2243481,234.5517223,239.5921078,-0.96,3.634163122,231.126362,231.2243481,236.6874579,232.4213153,-1.226,3.356072436,231.1209935,231.2243481,235.0837935,237.2542396,-1.141,3.465330278,231.3993648,231.2243481,235.2497329
55,Missouri,Male,234.7032802,-1.102,236.6530127,-1.12,240.3604597,-1.107,241.2338228,-1.468,240.3710734,-1.028,2.006080821,239.0600873,238.8385464,241.9250387,240.1516982,-1.049,1.843523623,239.0869825,238.8385464,241.3777112,240.9372968,-1.246,1.777444692,239.1954385,238.8385464,241.2942168,241.2361641,-1.295,1.742965579,239.2996869,238.8385464,241.2783582,239.455656,-1.152,1.634055012,239.2636917,238.8385464,240.9356157,235.0427326,-1.688,1.75905293,238.9440465,238.8385464,239.2943162,237.0788139,-1.63,1.718839151,238.8391283,238.8385464,238.85193
56,Missouri,Female,234.9689366,-1.005,233.3378069,-0.924,238.4362914,-1.005,240.0938702,-1.186,240.6238643,-0.892,2.335647582,237.3774854,236.4211835,240.6293508,238.9146628,-0.953,2.178206164,237.3639944,236.4211835,239.8865834,236.9245162,-1.079,1.99861247,237.1842347,236.4211835,238.7522367,237.6815798,-1.221,1.865628593,237.1401091,236.4211835,238.3119319,237.2955007,-1.331,1.7532716,237.0923547,236.4211835,238.015887,229.4951072,-1.675,2.328186598,236.5619295,236.4211835,235.8165474,232.8608826,-1.353,2.353296916,236.3725098,236.4211835,235.3016885
57,Montana,Male,236.4643473,-1.067,242.6655693,-0.927,244.8911852,-0.941,247.0098734,-1.008,245.4547045,-0.864,2.924151738,243.5700683,242.906608,247.5885717,245.2850293,-0.741,2.697787215,243.5898306,242.906608,246.7742183,243.1184665,-0.932,2.465481291,243.4178517,242.906608,245.5211004,241.3452397,-1.048,2.335685142,243.1778142,242.906608,244.2643562,243.4652952,-1.117,2.187228175,243.1710931,242.906608,244.1271011,241.3760378,-1.269,2.044523267,243.0216624,242.906608,243.3130825,240.8969401,-1.721,1.995973753,242.9035494,242.906608,242.8362585
58,Montana,Female,234.9999364,-0.903,238.5157001,-0.96,242.3068254,-0.883,241.6644649,-1.017,242.1138602,-0.73,2.260712662,239.9473601,239.1994159,243.0751504,242.0578221,-0.942,2.161105326,240.0278587,239.1994159,242.6786157,239.3837658,-0.935,1.981916124,239.8365396,239.1994159,241.4726839,240.0414055,-0.96,1.842058172,239.7776633,239.1994159,240.9629211,238.5857853,-1.195,1.747128245,239.6441618,239.1994159,240.3300194,235.5471551,-1.317,1.84161349,239.345661,239.1994159,239.0479997,235.9768545,-1.327,1.894144009,239.1682851,239.1994159,238.4834073
59,Nebraska,Male,237.7717558,-0.886,239.2648424,-0.892,240.0348916,-1.222,238.7568416,-1.103,241.0089519,-1.205,1.693040374,240.7110382,241.0089519,241.7849886,245.0453999,-1.122,2.045800668,241.3495424,242.1220275,243.7016882,244.0366228,-1.084,2.042848578,241.6314618,242.1220275,244.1889946,247.2209733,-1.196,2.408882183,242.0818301,242.1220275,245.3148107,246.1265774,-1.075,2.478075081,242.3463729,242.1220275,245.9916354,243.0071147,-1.568,2.282464452,242.2993181,242.1220275,244.7914347,241.0683311,-1.436,2.183804298,242.2006256,242.1220275,243.9297847
60,Nebraska,Female,234.6669827,-1.132,236.1618495,-1.076,235.8812084,-1.297,238.7398143,-1.128,238.5830821,-1.071,1.720083077,238.0002975,238.7398143,239.8741269,241.1730242,-1.126,1.862346443,238.4376284,239.0239776,240.9256915,243.6835628,-1.068,2.277598365,238.9446342,239.0239776,242.1914883,243.8434197,-1.006,2.490911391,239.2962268,239.0239776,242.838842,241.3838146,-0.959,2.397371894,239.3981761,239.0239776,242.8585906,240.0029251,-1.314,2.208344933,239.3339599,239.0239776,241.6536985,235.1440705,-1.202,2.272667014,239.0783139,239.0239776,240.273712
61,Nevada,Male,228.548838,-1.076,231.1157493,-1.006,233.1441606,-1.025,236.1033403,-0.99,238.2877852,-1.045,2.764099513,234.2440242,234.1481394,238.6478116,237.0216969,-0.99,2.65954644,234.4419312,234.1481394,238.3409067,234.2477696,-1.179,2.428262241,234.3183044,234.1481394,237.0980851,232.0763332,-1.421,2.308527866,234.0809995,234.1481394,235.713343,236.3170799,-1.081,2.23279446,234.2315421,234.1481394,236.1198904,233.1420356,-1.465,2.060686984,234.1280897,234.1481394,235.2037017,235.6247444,-1.611,1.987719039,234.1946042,234.1481394,235.2168317
62,Nevada,Female,226.4127904,-0.989,228.5621111,-0.935,230.4000694,-1.04,234.2039974,-0.983,235.7245811,-0.839,2.746411589,231.7409927,231.4994002,236.1087769,235.473639,-0.899,2.763748846,232.0356604,231.4994002,236.153736,233.4105117,-1.46,2.570266601,232.0354535,231.4994002,235.3122479,231.282843,-1.294,2.383955482,231.8819072,231.4994002,234.1441717,234.9337922,-1.046,2.363222979,232.0542494,231.4994002,234.5769532,225.3047022,-1.397,2.620911659,231.5597406,231.4994002,232.0515145,230.7843644,-1.652,2.498106145,231.5116172,231.4994002,231.7803913
63,New Hampshire,Male,245.5495626,-1.043,247.2640579,-1.054,249.7339944,-0.916,252.1974258,-0.915,252.1157944,-0.843,2.155938276,249.2632465,248.3141335,252.5150962,254.5062647,-0.959,2.581682494,249.6857175,248.3141335,253.290843,250.2622445,-1.026,2.390199711,249.5419312,248.3141335,252.0728911,247.0152097,-1.21,2.303838393,249.2022231,248.3141335,250.3920806,247.0265613,-1.078,2.220074394,248.977554,248.3141335,249.4117886,241.0029272,-1.527,2.700940465,248.434221,248.3141335,247.3032641,244.7814262,-1.247,2.687807838,248.2524199,248.3141335,246.8947194
64,New Hampshire,Female,240.4639506,-0.951,243.9119697,-0.998,247.2629752,-0.974,249.8650685,-0.868,251.4108065,-0.756,3.269459524,246.3858965,244.8864679,251.3983224,251.4019001,-0.877,3.398701068,246.6730301,244.8864679,251.3273506,247.948609,-1.03,3.165538346,246.5368084,244.8864679,249.9312302,243.5917615,-0.952,3.026962565,246.1167356,244.8864679,247.8054525,241.9063149,-1.157,3.007453702,245.720476,244.8864679,246.1134678,237.7504035,-1.053,3.28158814,245.1587773,244.8864679,243.9558853,238.2373875,-1.173,3.457416995,244.8020518,244.8864679,242.9448979
65,New Jersey,Male,240.1474358,-1.296,245.6745771,-1.14,250.2736808,-0.988,248.4270377,-1.248,248.8940337,-1.226,2.847371441,246.9232475,246.3120611,250.5674657,247.7784353,-1.269,2.576618647,246.8578999,246.3120611,249.5392921,247.1341238,-1.36,2.358453235,246.7802754,246.3120611,248.7221638,248.2745697,-1.504,2.22700821,246.8340698,246.3120611,248.5567942,246.6263883,-1.212,2.085569616,246.7700576,246.3120611,248.1342649,242.391346,-1.924,2.140814717,246.4426267,246.3120611,246.5529205,243.8110443,-1.959,2.111719059,246.2996021,246.3120611,246.0255034
66,New Jersey,Female,237.3208192,-1.101,242.1537524,-1.354,246.9692135,-1.446,244.5251381,-1.11,247.0704055,-1.014,2.887318883,243.7589587,242.9636498,247.6956592,245.9832618,-1.193,2.709671375,243.8259299,242.9636498,247.0703189,243.6262597,-1.393,2.478860537,243.6621866,242.9636498,245.8398627,247.4159119,-1.462,2.516074848,243.8766116,242.9636498,246.2154744,245.214186,-1.34,2.39009148,243.8902215,242.9636498,246.0358409,235.9138538,-1.764,2.808265297,243.2888975,242.9636498,243.2375467,236.4073464,-2.161,3.04705241,242.9193159,242.9636498,241.9439696
67,New Mexico,Male,223.8989302,-1.233,224.9016077,-0.977,228.9057492,-1.166,230.6408759,-1.179,233.6610236,-0.942,2.882624634,229.2083337,229.0798488,233.7557556,233.699958,-0.893,2.982649481,229.6000123,229.0798488,234.0927589,232.0439926,-1.034,2.836266947,229.6961992,229.0798488,233.5155594,230.41794,-1.061,2.640836783,229.6469785,229.0798488,232.6226366,231.8315103,-1.063,2.53983097,229.7396747,229.0798488,232.6737661,223.4100068,-1.386,2.705289883,229.2508071,229.0798488,230.0568669,226.4667426,-1.348,2.638749828,229.0905157,229.0798488,229.3251882
68,New Mexico,Female,221.103061,-1.186,223.099702,-1.066,227.1667936,-0.969,229.3881713,-1.113,232.0072741,-0.912,3.159681222,227.1979578,226.7397942,232.2553989,231.8407873,-0.756,3.231210022,227.5568184,226.7397942,232.3770607,230.2738266,-1.104,3.081032018,227.6451185,226.7397942,231.7132775,228.9597938,-0.901,2.888915947,227.6171755,226.7397942,230.8568391,230.3586123,-1.234,2.803071435,227.7257892,226.7397942,230.9478299,218.9460362,-1.367,3.208468511,227.0536063,226.7397942,227.5837314,220.9936784,-1.244,3.311307272,226.7206567,226.7397942,226.2996317
69,New York,Male,237.1862452,-0.977,239.6011295,-0.957,243.5828333,-1.007,241.8842705,-0.832,238.1159318,-0.994,2.107079561,239.3386676,238.2329864,240.0843201,240.6380262,-1.123,1.961204161,239.3473769,238.2329864,239.9951539,237.5005426,-1.155,1.874213441,239.0543754,238.2329864,238.8543578,237.6246512,-1.277,1.784727164,238.8773831,238.2329864,238.273594,238.0774906,-1.306,1.688774306,238.7806848,238.2329864,237.9773141,230.3276585,-1.608,2.448405576,238.2431128,238.2329864,236.2367266,236.0240708,-1.78,2.380699987,238.1498553,238.2329864,236.3209725
70,New York,Female,234.6711492,-0.96,236.7237884,-0.889,241.5536393,-0.784,239.3247083,-0.97,236.9098964,-0.862,2.252963452,236.9258549,235.4688494,238.1999695,240.0548812,-1.067,2.295351947,237.0959194,235.4688494,238.5687225,236.0470921,-1.023,2.146839112,236.8153837,235.4688494,237.3171201,233.4225455,-1.119,2.184680535,236.4277369,235.4688494,235.8541438,235.3330865,-1.34,2.074102632,236.288141,235.4688494,235.3949563,223.816536,-1.744,3.379709621,235.4889396,235.4688494,232.7219154,232.3000208,-2.036,3.291908218,235.3534073,235.4688494,232.8136803
71,North Carolina,Male,242.6971981,-0.975,241.8056401,-1.097,242.563741,-0.917,243.9695966,-1.113,244.7001561,-0.823,0.868393616,243.0393119,242.6267246,244.149889,244.78934,-0.999,0.969435389,243.1689138,242.6267246,244.3676704,245.0825719,-1.236,1.059970512,243.2780231,242.6267246,244.5237322,241.8521672,-1.103,1.046182801,243.0924121,242.6267246,243.6311103,242.014131,-1.148,1.014480549,242.9796822,242.6267246,243.145941,236.7023246,-1.609,1.679080975,242.5740288,242.6267246,241.6104928,242.7171037,-1.704,1.597252437,242.5942774,242.6267246,241.8804384
72,North Carolina,Female,241.3811052,-0.864,240.6462413,-0.868,240.672839,-0.835,243.5792701,-0.896,244.3390581,-0.921,1.408346514,241.7042703,240.7817778,243.2970785,244.8148795,-0.94,1.632301352,241.9235986,240.7817778,243.7409008,242.3468045,-1.16,1.525682565,241.8220953,240.7817778,243.0384703,240.0058325,-1.118,1.495742547,241.5747963,240.7817778,241.9382662,240.8054812,-1.18,1.42154872,241.4625916,240.7817778,241.4809157,235.2084702,-1.414,1.912010898,241.0236061,240.7817778,239.8779698,234.799574,-1.374,2.257643395,240.703655,240.7817778,238.9849545
73,North Dakota,Male,239.5951644,-0.733,244.1370042,-0.748,247.6390651,-0.676,246.8088459,-0.881,246.4311464,-0.67,2.299247374,245.1643945,244.7316099,248.1062796,246.8711989,-0.662,2.147126801,245.2377906,244.7316099,247.7130128,245.8880851,-0.663,1.977363706,245.2037759,244.7316099,247.0926929,245.6263482,-0.952,1.83896429,245.1715578,244.7316099,246.6267974,244.1438493,-0.929,1.736257244,245.0572085,244.7316099,246.036166,242.4638854,-1.224,1.691079798,244.854326,244.7316099,245.0201536,242.4431165,-1.128,1.687973274,244.7224349,244.7316099,244.5205832
74,North Dakota,Female,235.4033077,-0.873,241.3130142,-0.721,243.1138955,-0.789,243.5153071,-0.678,243.8273372,-0.719,2.485653818,241.9355658,241.7045419,245.3646291,245.9518948,-0.626,2.586639327,242.2897781,241.7045419,245.8298716,243.4244195,-0.701,2.397711101,242.2735684,241.7045419,245.0535307,242.7488561,-0.896,2.229379225,242.2242243,241.7045419,244.3577635,241.6850161,-0.992,2.089357245,242.1337687,241.7045419,243.7884536,237.6431378,-1.147,2.153201715,241.7983515,241.7045419,242.0937758,240.1237749,-1.227,2.078381242,241.7044056,241.7045419,241.7014065
75,Ohio,Male,238.6297439,-1.293,243.2026862,-1.127,246.3660177,-1.319,245.4888563,-1.215,245.0559242,-1.041,2.189296011,243.9008727,243.4099227,246.6258083,246.1001433,-1.32,2.101262349,244.0313637,243.4099227,246.4833791,244.2567593,-1.424,1.925977002,243.9464477,243.4099227,245.6906001,241.4151473,-1.177,1.887899803,243.6729346,243.4099227,244.382216,243.9266542,-1.291,1.768386155,243.6672657,243.4099227,244.2894682,240.448682,-1.462,1.771128561,243.4418129,243.4099227,243.2882303,242.618535,-1.631,1.693947776,243.3995183,243.4099227,243.1706227
76,Ohio,Female,236.8962457,-0.997,240.9626351,-1.105,242.6133239,-1.018,241.8739448,-1.214,243.0161431,-0.899,1.7935839,240.9717744,240.2541196,243.3389733,244.9673635,-1.184,2.067910255,241.297324,240.2541196,243.9676335,242.9292969,-1.308,1.97545518,241.3036822,240.2541196,243.4678806,240.4299969,-1.171,1.850491442,241.1171155,240.2541196,242.4060607,238.2572153,-1.147,1.862415233,240.8449823,240.2541196,241.2305592,234.8391633,-1.413,2.169242941,240.4245029,240.2541196,239.5880365,236.0099876,-1.893,2.271143763,240.1978827,240.2541196,238.9606706
77,Oklahoma,Male,230.2900923,-1.068,235.3272385,-1.115,238.0341402,-0.854,237.9327104,-1.103,237.1805909,-0.986,2.355045346,236.5379726,236.7818542,239.4875371,239.7546202,-0.786,2.360490045,236.8643246,236.7818542,239.9432319,241.7465084,-1.31,2.585144383,237.2627569,236.7818542,240.7215702,238.7284487,-1.069,2.436147212,237.2898236,236.7818542,240.1698487,238.6648113,-1.03,2.312339379,237.3300282,236.7818542,240.0265128,231.1519883,-1.588,2.510782786,236.866467,236.7818542,237.5661162,235.7892476,-1.521,2.398522413,236.7993957,236.7818542,237.1853074
78,Oklahoma,Female,227.9011397,-1.175,232.5357429,-1.023,235.5940703,-1.08,235.6251517,-0.933,237.6946164,-0.912,2.694975038,234.3600913,233.9520888,238.4418365,238.0540963,-0.925,2.714937965,234.639196,233.9520888,238.505091,237.650855,-1.099,2.652467217,234.7867938,233.9520888,238.246908,235.8625867,-1.197,2.485834081,234.7545128,233.9520888,237.4893245,235.6745167,-1.147,2.346502239,234.7432002,233.9520888,237.1681173,227.7415829,-1.289,2.642345273,234.2089828,233.9520888,234.533393,229.1386185,-1.299,2.734138274,233.9319547,233.9520888,233.4890035
79,Oregon,Male,237.3614401,-0.973,238.67205,-0.92,237.9867046,-1.151,239.9242304,-1.212,236.8858277,-1.015,1.030527917,237.6705044,237.0375287,237.7246764,241.2404507,-1.6,1.445195511,238.0172871,237.0375287,238.9490987,238.9396953,-1.223,1.375388836,237.9962727,237.0375287,238.7122474,235.1656413,-1.318,1.471593355,237.6812317,237.0375287,237.4609669,238.5873204,-1.289,1.404081098,237.7024529,237.0375287,237.5805615,230.5677276,-1.415,2.050064301,237.2166494,237.0375287,235.8432616,232.0817273,-1.535,2.242877344,236.9582626,237.0375287,235.2144087
80,Oregon,Female,235.1649291,-1.091,237.9665538,-1.027,234.0367083,-1.087,235.9717557,-1.021,236.9432403,-0.979,1.612980517,235.0365891,234.0367083,235.3177175,238.9129503,-1.34,1.924724822,235.339031,234.0367083,236.3660018,236.521416,-1.37,1.846899467,235.2837704,234.0367083,236.0077529,231.0436143,-1.319,2.044306223,234.8088607,233.7412465,234.1918781,233.8876574,-1.116,1.943124461,234.674341,233.7412465,233.7593398,225.7685422,-1.589,2.681884095,234.0688042,233.7412465,231.8150564,224.9363444,-1.611,3.222393079,233.6068038,233.7412465,230.6490639
81,Pennsylvania,Male,237.8997123,-1.186,241.3488041,-1.485,245.4750166,-0.986,244.738227,-1.216,246.5278768,-1.455,2.503454514,243.5984951,243.170146,247.3147305,243.9487671,-1.315,2.25100285,243.4924363,243.170146,246.1201023,244.4948556,-1.766,2.083962283,243.5061311,243.170146,245.6316997,243.3370083,-1.164,1.929886226,243.4332125,243.170146,244.97011,245.2137373,-1.37,1.863118563,243.5293403,243.170146,245.1829525,240.3300366,-1.591,1.844505852,243.2765352,243.170146,243.7917383,241.5575638,-1.656,1.791145911,243.177338,243.170146,243.3355627
82,Pennsylvania,Female,233.9956912,-1.267,239.7772946,-1.156,242.5153998,-0.943,242.3648247,-1.174,244.7351114,-1.127,2.933454882,240.9104098,240.1183549,245.2423565,244.0774727,-1.102,2.850190121,241.0779021,240.1183549,244.8772561,242.0537397,-1.467,2.635024003,241.0066411,240.1183549,243.8633116,239.9799207,-1.256,2.453470343,240.8097246,240.1183549,242.6276544,242.6290885,-1.323,2.348585144,240.876776,240.1183549,242.706585,234.5874488,-1.703,2.559955026,240.3972194,240.1183549,240.4420659,234.5859124,-1.495,2.731233299,240.0839675,240.1183549,239.3274442
83,Puerto Rico,Male,‡,†,‡,†,—,†,—,†,180.8249708,-0.758,28.66608362,205.1735826,183.6978407,186.5030529,181.3709467,-0.984,27.52471299,200.468885,183.6978407,175.3250596,182.9698108,-0.898,26.16398722,197.741649,183.6978407,171.4138735,189.3484998,-0.95,24.69041799,196.3650193,183.6978407,171.8247564,184.7676718,-0.806,23.54481641,194.8529185,183.6978407,168.8714668,179.0386291,-1.199,22.24390244,193.1027259,183.6978407,170.2418684,187.5643559,-1.047,21.31782129,192.5826555,183.6978407,173.2235028
84,Puerto Rico,Female,‡,†,‡,†,—,†,—,†,182.2680235,-0.944,28.86957855,205.0018387,182.8207789,186.8508079,182.7957769,-0.927,27.6165894,200.3916745,182.8207789,175.9159587,182.2101948,-0.823,26.31656791,197.5116716,182.8207789,171.3482932,189.7271744,-0.738,24.84079378,196.1307011,182.8207789,171.7281558,184.5873605,-0.807,23.70258456,194.5768274,182.8207789,168.6116912,177.4348138,-1.137,22.46415631,192.6815783,182.8207789,169.4655724,180.7221084,-0.895,21.66328135,191.8121675,182.8207789,171.289393
85,Rhode Island,Male,231.4692651,-1.138,233.949193,-1.055,236.4968547,-0.979,240.4065545,-0.989,241.5771752,-0.964,3.133824559,238.0499023,238.4372263,242.851075,242.1374176,-1.032,3.130115373,238.4451908,238.4372263,243.119698,238.3025096,-0.998,2.860538544,238.3374883,238.4372263,241.762509,238.1539833,-0.915,2.65003214,238.2776467,238.4372263,240.8888094,241.107432,-0.957,2.583561817,238.4691753,238.4372263,241.3469592,236.2443787,-1.321,2.415966169,238.2896495,238.4372263,239.8656123,242.9647254,-1.285,2.511157187,238.5206563,238.4372263,240.3561171
86,Rhode Island,Female,229.1369957,-1.261,232.9111452,-1.065,235.2291898,-1.133,237.00482,-1.007,241.6757023,-0.761,3.309556604,235.9713705,235.6334213,241.2221663,240.6649716,-0.961,3.357975663,236.3445121,235.6334213,241.3442144,237.6929911,-0.959,3.107687756,236.3079897,235.6334213,240.1955123,236.9472733,-1.125,2.889550575,236.2464769,235.6334213,239.2465928,237.5020992,-1.038,2.728536268,236.2700313,235.6334213,239.0280038,231.8559431,-1.411,2.678320163,235.8974486,235.6334213,236.8910761,231.3465031,-1.231,2.721966469,235.63965,235.6334213,235.7766799
87,South Carolina,Male,237.4412173,-1.049,238.4392775,-1.146,236.2381236,-1.024,236.128728,-1.104,236.5864817,-1.295,0.687180934,236.9104081,237.0208623,236.1868044,235.7068126,-1.282,0.726935157,236.8007694,237.0208623,235.9642807,237.6408664,-1.342,0.696744762,236.9182996,237.0208623,236.5495139,234.9054033,-1.384,0.834084056,236.7695676,237.0208623,236.0801355,238.7366219,-1.356,0.908519477,236.9315175,237.0208623,236.7768843,235.7899388,-1.145,0.873421339,236.8781592,237.0208623,236.6192499,239.616014,-1.386,1.01338624,237.0288374,237.0208623,237.2042901
88,South Carolina,Female,234.1480808,-0.986,238.1676325,-0.932,237.9677916,-0.874,235.1828128,-0.942,238.0330519,-1.006,1.422497179,236.3916436,235.7910251,237.2529656,237.5828613,-1.101,1.343260798,236.4411962,235.7910251,237.2569985,236.5076132,-1.147,1.237620659,236.3710534,235.7910251,236.8587526,233.1288936,-1.142,1.414426833,236.056127,235.7910251,235.6421182,234.6780655,-1.223,1.367029928,235.9433329,235.7910251,235.2549883,232.6500686,-1.546,1.458133634,235.746974,235.7910251,234.7293311,235.6544047,-1.408,1.387298138,235.7552489,235.7910251,234.9681711
89,South Dakota,Male,239.0107877,-0.767,243.3931683,-0.745,242.2615817,-0.805,243.4159228,-0.701,242.2481864,-0.789,1.275711081,242.1441748,241.9495917,243.3137341,240.8665085,-0.803,1.191944659,241.9411209,241.9495917,242.3493376,240.1884565,-0.919,1.188065637,241.7659201,241.9495917,241.6407194,243.7656205,-1.082,1.21350854,241.9437459,241.9495917,242.3025601,243.5737164,-0.988,1.203794455,242.0568287,241.9495917,242.7022337,240.8686496,-1.23,1.134053795,241.9653876,241.9495917,242.1846234,241.8529102,-1.517,1.078916936,241.9564802,241.9495917,242.1080279
90,South Dakota,Female,235.4556006,-1.001,239.7334436,-0.692,240.1239369,-0.888,240.6416357,-0.608,239.6379781,-0.933,1.475565366,239.2591034,239.0175513,240.9282338,241.1015861,-0.695,1.455354508,239.4038341,239.0175513,241.0640725,239.2356896,-0.982,1.330142457,239.3188165,239.0175513,240.4282526,239.3695192,-1.024,1.233347744,239.2820654,239.0175513,240.0907983,238.9875907,-0.838,1.156133118,239.2367191,239.0175513,239.8335528,237.0212922,-1.156,1.167163021,239.0740092,239.0175513,239.0704072,237.8847913,-1.384,1.138721571,239.0100722,239.0175513,238.8455325
91,Tennessee,Male,227.7773014,-1.294,232.5561693,-1.461,234.1023208,-1.163,232.1633181,-1.201,233.4208336,-1.097,2.887937449,234.1567192,234.1023208,236.1176776,239.6408035,-1.111,3.147832848,234.9951006,236.3573928,238.4934965,241.1818245,-1.289,3.404291505,235.6439009,236.3573928,240.0276846,236.9641708,-1.321,3.189633785,235.7389703,236.3573928,239.5150325,241.1444698,-1.107,3.285269322,236.1357999,236.3573928,240.6340448,238.7481035,-1.628,3.083883567,236.2380505,236.3573928,239.7258169,242.2320055,-1.471,3.214054314,236.5151151,236.3573928,239.9850048
92,Tennessee,Female,227.731425,-1.041,230.8322567,-1.259,231.3302765,-0.87,231.4680404,-1.188,232.3365731,-0.977,2.329253776,232.5943676,232.3365731,234.366662,239.9191238,-1.093,3.096860521,233.6174351,234.4696106,237.4434722,240.1424615,-1.525,3.410380516,234.2448442,234.4696106,238.8499986,236.4169963,-1.071,3.225383285,234.366795,234.4696106,238.4042924,238.2548438,-1.237,3.180580615,234.6184519,234.4696106,238.943252,233.9053464,-1.386,2.920770624,234.4893414,234.4696106,237.2427194,236.8283729,-1.491,2.827829953,234.5793247,234.4696106,236.9930353
93,Texas,Male,238.7919866,-0.999,243.8073221,-0.739,242.541657,-0.751,240.8848503,-1.029,241.4646379,-1.298,1.404349455,241.9301927,242.3612927,242.3663022,242.321301,-1.092,1.269802048,242.0128168,242.3612927,242.5355834,244.8903467,-1.572,1.413869241,242.3102153,242.3612927,243.4731556,241.0455667,-1.42,1.344772215,242.1941874,242.3612927,242.8302816,245.2193675,-1.354,1.460736669,242.4151232,242.3612927,243.6148407,241.6289506,-1.617,1.35003717,242.3438676,242.3612927,243.0123058,243.3782335,-1.492,1.30411955,242.3908131,242.3612927,243.0402621
94,Texas,Female,235.7728041,-0.968,240.1415135,-0.62,242.1275066,-0.802,240.0262266,-0.773,240.7233471,-1.129,1.684831025,240.028217,239.9252778,241.7896609,241.5093699,-0.974,1.588868984,240.1435971,239.9252778,241.7960084,243.0412372,-1.277,1.679685817,240.3678765,239.9252778,242.2565992,240.8321055,-1.287,1.565465218,240.3413519,239.9252778,241.8105749,241.9606677,-0.964,1.525708577,240.4159761,239.9252778,241.9505696,235.4572846,-1.343,1.772000997,240.0485095,239.9252778,240.1738577,237.5859928,-1.467,1.764809851,239.9143851,239.9252778,239.6747459
95,Utah,Male,236.032254,-0.969,240.3282712,-0.867,240.9842798,-1.036,241.3084911,-1.245,244.1974405,-1.009,2.358758203,241.8584622,242.6898791,244.974369,244.4024493,-1.153,2.296642954,242.1672641,242.6898791,245.3045881,243.8320288,-1.28,2.172088889,242.3124699,242.6898791,245.1500897,244.4630631,-1.415,2.104351458,242.4719853,242.6898791,245.174333,245.3906282,-1.355,2.107098731,242.6731524,242.6898791,245.6588034,243.7395998,-1.481,1.953704547,242.6876739,242.6898791,244.8638546,244.9101646,-1.53,1.923518833,242.7789053,242.6898791,244.7374804
96,Utah,Female,233.432198,-0.931,237.1814583,-0.973,237.7554227,-0.988,239.2707128,-1.085,240.7969667,-0.899,2.036190562,238.5067682,238.7741933,241.5341508,241.1519162,-1.143,2.031109054,238.7665756,238.7741933,241.7392659,241.2877325,-1.088,2.00828544,238.9493768,238.7741933,241.7697085,240.3107748,-1.024,1.903314086,239.0019478,238.7741933,241.4246296,242.0599638,-1.163,1.944564827,239.1842273,238.7741933,241.8753995,235.3761926,-1.639,1.961284985,238.8734286,238.7741933,239.9767296,237.8927878,-1.345,1.87593604,238.8062957,238.7741933,239.512549
97,Vermont,Male,243.6552035,-0.904,245.9387692,-0.732,247.6911533,-0.673,248.878935,-0.735,248.1755382,-0.728,2.1782257,245.7628942,243.8424746,247.9194446,248.5208565,-0.744,2.227336725,245.8138818,243.8424746,247.6937524,242.9841058,-1.078,2.205902248,245.322782,243.8424746,245.6195384,241.3230718,-1.024,2.304701428,244.8787769,243.8424746,243.9954753,240.3741571,-0.933,2.430336072,244.494729,243.8424746,242.6235347,237.2197635,-1.199,2.774284553,244.0309811,243.8424746,241.464304,237.5056665,-1.212,2.995229021,243.7133299,243.8424746,240.8721469
98,Vermont,Female,240.2302931,-1.023,240.7657978,-0.762,244.9675633,-0.719,246.5994257,-0.821,245.0488493,-0.685,2.457874737,242.6390175,240.8386237,245.4237507,247.0369182,-0.863,2.679003262,242.8792689,240.8386237,245.7092605,243.5361975,-0.937,2.512114895,242.6966837,240.8386237,244.536785,240.4434016,-0.967,2.422476148,242.3401019,240.8386237,242.9428181,237.3124198,-0.991,2.582655271,241.8754537,240.8386237,241.1083095,231.2976209,-1.155,3.353984604,241.1590659,240.8386237,238.7156598,231.9863742,-1.21,3.754460717,240.6973713,240.8386237,237.589817
99,Virginia,Male,239.767676,-1.331,241.9500944,-1.213,245.1810602,-0.979,244.6510166,-1.224,246.5653689,-1.099,1.99319836,244.3683527,244.5666557,247.3016881,246.8191356,-1.194,1.969189782,244.6000963,244.5666557,247.4335259,247.0556756,-1.426,1.947753127,244.7755945,244.5666557,247.468361,250.4792791,-1.298,2.362428281,245.1780269,244.5666557,248.4125336,248.3058099,-1.513,2.357950394,245.3324722,244.5666557,248.6761381,239.4277817,-1.827,2.511494056,244.8494557,244.5666557,245.9691144,240.0303147,-1.778,2.595341568,244.5755856,244.5666557,244.7720431
100,Virginia,Female,238.6154166,-0.991,238.9647107,-0.982,241.8256555,-1.038,241.4090858,-1.055,244.0428557,-1.023,1.600392041,241.460124,241.4723816,243.8539896,245.5002167,-1.203,1.928709849,241.8720265,241.4723816,244.7444686,246.1526259,-1.449,2.167070024,242.1875939,241.4723816,245.2814584,245.4720066,-1.01,2.209899176,242.348674,241.4723816,245.2895393,245.3732184,-1.345,2.219607829,242.4796858,241.4723816,245.4994999,233.2198024,-1.761,2.873851038,241.78065,241.4723816,242.0942388,235.6206034,-1.605,3.030612458,241.4451342,241.4723816,240.8456913
101,Washington,Male,239.8963237,-1.057,242.4182307,-1.13,244.1194927,-1.038,242.386301,-1.073,244.2337453,-1.051,1.24328441,242.7810214,242.6048438,244.3367459,246.9752744,-1.325,1.723559333,243.212263,242.6048438,245.4935692,245.2334058,-1.758,1.697443366,243.3040162,242.6048438,245.3643906,243.2587772,-1.571,1.578171431,243.213515,242.6048438,244.6607825,242.1116868,-1.425,1.500132024,243.0822844,242.6048438,244.0091307,236.8778155,-1.872,1.943123823,242.6542652,242.6048438,242.1800773,241.1422286,-1.644,1.876992009,242.5790891,242.6048438,242.0124863
102,Washington,Female,236.5947411,-1.038,240.9532751,-1.015,240.8598956,-1.165,242.1216208,-1.029,242.076187,-1.145,1.666594794,240.3958929,239.6934235,242.5795157,245.6138157,-1.132,2.235530715,240.8715751,239.6934235,243.7722488,244.7195764,-1.323,2.361707241,241.0730463,239.6934235,243.9229956,240.0872953,-1.403,2.21389244,240.8408629,239.6934235,242.5734346,236.7707903,-1.347,2.289368261,240.4599473,239.6934235,240.9344656,232.8879844,-1.794,2.693011702,239.9275672,239.6934235,238.8594939,233.9424769,-1.677,2.866231845,239.6194616,239.6934235,237.9923
103,West Virginia,Male,231.7658834,-0.972,232.2530797,-0.845,237.7141534,-1.037,233.9941073,-1.123,235.4558456,-0.842,1.728845876,234.2748939,233.912301,235.9166652,237.9988759,-0.977,1.947856379,234.6277171,233.912301,236.7891546,234.9210538,-1.054,1.790032448,234.5464029,233.912301,236.0728352,236.527612,-1.48,1.751630987,234.632861,233.912301,236.1090582,231.3266576,-1.113,1.816058443,234.3375719,233.912301,234.8206177,226.9141393,-1.347,2.344283188,233.8522618,233.912301,232.9030799,234.1639024,-1.451,2.230567706,233.8813928,233.912301,233.2014122
104,West Virginia,Female,229.6649371,-1.039,229.2947582,-0.945,234.8825233,-0.923,231.9295391,-0.854,233.8329675,-0.782,1.748877194,232.2104685,232.078685,234.18522,236.8506157,-0.945,2.141649713,232.6878653,232.078685,235.4056174,235.5046694,-1.049,2.137435645,232.8469377,232.078685,235.4250076,235.5821776,-1.112,2.12773678,232.9674715,232.078685,235.3865614,231.6724815,-1.135,2.015448296,232.795744,232.078685,234.4792434,225.0075256,-1.105,2.522499349,232.2366011,232.078685,231.9595773,228.6433404,-1.166,2.519341642,232.04688,232.078685,231.3471704
105,Wisconsin,Male,238.0285427,-1.049,242.0147858,-1.114,245.0510541,-1.157,244.6730231,-1.032,245.4085298,-0.987,2.193722579,243.3500043,242.9597064,246.4852824,245.2386128,-1.257,2.075262332,243.4443519,242.9597064,246.1191424,243.8272519,-1.31,1.90407521,243.3827424,242.9597064,245.3583552,241.6846167,-1.201,1.807720535,243.1818512,242.9597064,244.2652572,242.836275,-1.366,1.692568425,243.13373,242.9597064,243.966797,242.093254,-1.568,1.569005972,243.0401887,242.9597064,243.3909534,241.7008243,-1.634,1.518737547,242.9635575,242.9597064,243.0482826
106,Wisconsin,Female,235.3923038,-0.999,239.0558166,-1.015,243.2912068,-1.014,242.4100694,-1.113,243.9271202,-0.961,2.527071318,241.0816646,240.4955414,244.7579641,244.1312803,-1.027,2.491994777,241.2759501,240.4955414,244.6258967,242.7655609,-1.352,2.33473994,241.2794508,240.4955414,243.9657049,238.9828094,-1.113,2.230297987,240.9908623,240.4955414,242.4288392,240.4589322,-1.293,2.09087094,240.9079108,240.4955414,241.9629642,238.3772558,-1.029,1.997169697,240.6975818,240.4955414,240.9014488,236.6586002,-1.14,2.084446627,240.4776156,240.4955414,240.0832485
107,Wyoming,Male,242.3996729,-0.658,244.1928449,-0.826,244.4363041,-0.712,242.9470371,-0.857,245.0708113,-0.719,1.323042744,244.7926865,245.0708113,245.5300509,246.6416502,-0.541,1.347277772,245.107274,245.8375359,246.4112876,247.7143092,-0.838,1.452528178,245.3985377,245.8375359,247.1516828,249.4317558,-0.853,1.722148974,245.7316273,245.8375359,248.0088999,247.8225591,-0.938,1.700178715,245.869665,245.8375359,248.2967387,245.5889585,-1.308,1.560918832,245.8099348,245.8375359,247.3873681,247.9669916,-1.062,1.559215234,245.9054446,245.8375359,247.3994369
108,Wyoming,Female,239.6513752,-0.811,241.6829778,-0.989,243.2810985,-0.75,240.9895822,-0.858,242.6148425,-0.678,1.138552733,242.2054422,242.6717667,243.1474793,246.39465,-0.671,1.64262905,242.7245048,242.6717667,244.7206978,245.8063355,-0.838,1.750308284,242.9748972,242.6717667,245.1970988,246.0675655,-1.006,1.827915209,243.1663947,242.6717667,245.4715207,243.7528741,-1.095,1.721782135,243.1560736,242.6717667,245.1938898,240.528184,-1.212,1.67747379,242.9158395,242.6717667,243.7454777,238.6199486,-0.962,1.83488081,242.6738997,242.6717667,242.7208259
