,Jurisdiction,Gender,2003Average scale score,2003Standard Error,2005Average scale score,2005Standard Error,2007Average scale score,2007Standard Error,2009Average scale score,2009Standard Error,2011Average scale score,2011Standard Error,2013 std,2013 mean,2013 median,2013Average scale score_y,2013Average scale score_x,2013Standard Error,2015 std,2015 mean,2015 median,2015Average scale score_y,2015Average scale score_x,2015Standard Error,2017 std,2017 mean,2017 median,2017Average scale score_y,2017Average scale score_x,2017Standard Error,2019 std,2019 mean,2019 median,2019Average scale score_y,2019Average scale score_x,2019Standard Error,2022 std,2022 mean,2022 median,2022Average scale score_y,2022Average scale score_x,2022Standard Error,2024 std,2024 mean,2024 median,2024Average scale score_y,2024Average scale score_x,2024Standard Error,2025 std,2025 mean,2025 median,2025Average scale score
1,National public,Male,212.742015620169,(0.338),214.191987839078,(0.249),216.33830110819,(0.305),216.172663167435,(0.327),216.718656753063,(0.314),1.2050808946192662,215.4705245849656,215.32074610245232,217.25863695191174,217.397647174111,(0.327),1.2533652650030984,215.63230905069187,215.32074610245232,217.42270643399485,217.941540182465,(0.446),1.3362563134262686,215.78885106202407,215.32074610245232,217.61662640911192,217.87646106032,(0.345),1.3695228303468576,215.892313741816,215.32074610245232,217.65252424705855,215.764343651206,(0.292),1.2857881174544816,215.83022510199228,215.32074610245232,217.23446646020574,213.139972415807,(0.425),1.3182372342140058,215.59394207248138,215.32074610245232,215.98173352574224,210.244618155132,(0.439),1.6913317856498604,215.30107936841392,215.3207461024523,214.86841121956837
2,National public,Female,220.248736472585,(0.300),220.456416783316,(0.267),223.034873349629,(0.278),223.135706072189,(0.330),223.411923673584,(0.359),1.107956805178957,222.2919709738554,222.17976573725974,223.9129904382121,224.064785420081,(0.301),1.1518607541485222,222.44430730442255,222.17976573725974,224.08041719538846,224.880054842739,(0.389),1.2744935455228708,222.62039942178677,222.17976573725974,224.37450086733344,223.868642241135,(0.285),1.2369672886232561,222.65940068449603,222.17976573725974,224.19091193586024,223.250687471941,(0.239),1.1736343909952414,222.6563542566489,222.17976573725977,224.0244243944032,219.17524899241,(0.391),1.3186472413378165,222.37865814512992,222.17976573725977,222.62708835552075,218.450347790248,(0.385),1.5062056795192464,222.1640659788778,222.17976573725974,221.81867129447392
3,Alabama,Male,203.720210336664,(2.049),205.193406290361,(1.625),213.490338757774,(1.613),211.741930523666,(1.487),217.541548047185,(1.581),4.095367782199938,211.12239380673017,210.56492359178483,217.27680974451278,214.556956932638,(1.512),3.866722019932275,211.2989691755902,210.56492359178483,216.51862125987054,213.233832772679,(1.628),3.594351149352137,211.3120835273158,210.56492359178483,215.50140417074533,212.821109127363,(1.654),3.3640387781878722,211.31041042692502,210.56492359178483,214.71276889997648,206.959600254388,(1.597),3.30192157140941,210.92475136510316,210.56492359178483,212.86720279486025,208.414649226574,(1.855),3.0769679415545403,210.70698244308525,210.56492359178483,211.52381311764898,208.540577240341,(2.095),2.961577600921408,210.57978290553712,210.56492359178483,210.90668780808716
4,Alabama,Female,210.672012324537,(1.799),210.571052367117,(1.565),219.462029220065,(1.356),221.100698822002,(1.355),223.070292940561,(1.442),4.260937831338683,218.28890078012031,218.3413259907883,224.64761816376813,222.901406557692,(1.337),4.132244726241693,218.66672590888345,218.3413259907883,224.51658872068583,221.129924982704,(1.497),3.861980654237131,218.75570506297578,218.3413259907883,223.62449772225295,220.00659985074,(1.403),3.600145876392526,218.7488995056506,218.3413259907883,222.67909308947378,216.650345597088,(1.370),3.396852162373259,218.5421118927031,218.34132599078828,221.46304347984403,218.179307675156,(1.811),3.1174612568963282,218.4504354147911,218.34132599078828,220.30221346506787,218.010915561009,(2.369),2.966217397882001,218.40266727398702,218.34132599078828,219.75217550435966
5,Alaska,Male,205.185963081684,(1.879),207.378440099421,(1.612),210.497449247041,(1.411),206.724229238307,(1.701),204.167887525781,(1.534),2.107645736118869,205.70448405912057,204.4676631237442,205.22021890399498,206.389442069248,(1.337),1.9380892512860712,205.659162762183,204.46766312374422,205.22822626599265,209.598618819114,(1.629),2.1162158023000726,205.93465317119743,204.46766312374422,206.33713557370226,203.051301733822,(1.458),2.116478079311618,205.58018688561128,204.46766312374422,205.0160164891528,200.765387287732,(1.803),2.311141096273922,205.16646170332837,204.46766312374422,203.49628656780664,197.310173729459,(2.153),2.766798689668165,204.6605307150373,204.46766312374422,202.12562094673177,198.075401529577,(1.782),2.9948557759734977,204.3392474734583,204.46766312374422,201.5141031671683
6,Alaska,Female,218.203277704689,(1.963),214.896559719898,(1.740),218.655118562594,(1.174),215.71123377191,(1.562),211.91105289183,(1.566),2.4618451324506423,214.35290371622546,212.97936259959386,212.2343441129584,212.437621941402,(1.570),2.332693059049774,214.0305306986332,212.97936259959386,211.65469079330603,216.086182769058,(2.084),2.2244738573038942,214.177442732888,212.97936259959386,212.70697530148811,211.343342655427,(1.542),2.2132033001804015,213.87703757120238,212.97936259959386,211.9326729252732,208.316415577625,(1.631),2.4919316589205764,213.43591180996296,212.97936259959386,210.4507061881494,210.177920133528,(2.027),2.415311306134971,213.24488376205767,212.97936259959386,210.61020727931162,205.034262867571,(1.664),2.9041979930922657,212.83744315866693,212.97936259959386,209.71521545827545
7,Arizona,Male,206.143332151971,(1.391),203.309932905564,(1.836),205.594337559558,(1.743),206.91368007731,(1.440),208.687801447831,(1.485),1.946565108008466,207.45515394647742,208.687801447831,209.01983738390118,210.362346956639,(1.606),2.000496856075604,207.8966671044211,208.72065448465975,210.14530173088156,210.560091734364,(1.600),2.0027957075396396,208.1831574886484,208.72065448465975,210.66875509988125,213.462670407749,(1.734),2.33041697752604,208.61330494658534,208.72065448465975,211.73410451176142,213.314064997639,(1.539),2.4827189759057045,208.92980643772736,208.72065448465978,212.62302176318957,213.152972368421,(2.105),2.4851838438558924,209.0896741448731,208.72065448465978,212.1753815886911,204.425968724211,(2.408),2.551499821183947,208.79855805330567,208.72065448465978,210.51243656351528
8,Arizona,Female,211.595501959819,(1.482),211.207647071808,(1.890),213.784078805676,(1.782),213.189224464919,(1.476),216.279327023232,(1.260),1.803421150054474,214.36439172727233,215.29522131660198,216.4072526808609,216.052192801706,(1.588),1.7368736131416633,214.6124355479402,215.29522131660198,216.76514786511223,220.26285880837,(1.653),2.266379581824716,215.17380129327154,215.29522131660198,218.29105927065973,217.52022692494,(1.710),2.201907316458612,215.32465718350488,215.29522131660198,218.2369078593939,218.484957655808,(1.477),2.213996802620401,215.52419356866696,215.29522131660198,218.69769818691134,217.822743257025,(1.985),2.106634696995038,215.57906658475738,215.29522131660195,218.00942634058262,212.048675709319,(2.077),2.13125657640947,215.35746289188205,215.29522131660195,216.72677754804386
9,Arkansas,Male,208.836045199031,(1.788),212.771639240611,(1.384),212.764799697754,(1.351),210.975857970207,(1.570),213.778134380223,(1.363),1.4121713272868401,211.73675727961904,211.26210688804727,213.19266875617552,214.605655223524,(1.235),1.5673279148304375,211.981568253702,211.26210688804727,213.7361528928376,213.320305307796,(1.600),1.5015472866241626,212.00810899045902,211.26210688804727,213.48844751899696,211.742620046806,(1.482),1.3999325575222987,211.90509589723828,211.26210688804727,212.8517290735298,212.611508986488,(1.498),1.3314387380852124,211.9033362299381,211.26210688804727,212.7566309820675,207.602022257943,(2.118),1.5501843032860694,211.5680344902687,211.26210688804724,211.2990671047872,204.874587458137,(1.888),2.0528584113700825,211.2114081464118,211.26210688804724,210.09603583043227
10,Arkansas,Female,218.356071711647,(1.401),221.229770815614,(1.188),221.271943778415,(1.378),221.564513112664,(1.391),219.411673810304,(1.061),1.0506618279627777,220.1364594360435,219.73847283169053,220.576729805029,222.701649236046,(1.127),1.237745285125944,220.3813042093631,219.73847283169053,221.34766388921474,222.8263569499,(1.220),1.346068382932077,220.53661754188693,219.73847283169053,221.71982918168385,220.633009661892,(1.656),1.2609505021127894,220.46330146536607,219.73847283169053,221.24852454754165,217.642840154565,(1.513),1.3619446599483718,220.20737539423007,219.73847283169053,220.18714521157005,216.61962343075,(2.170),1.4863434651881224,219.94718419177067,219.73847283169053,219.24868704848302,214.865748486799,(2.129),1.7849334481658377,219.682884319923,219.73847283169053,218.4599370610383
11,California,Male,202.03398178311,(1.420),203.347691247331,(0.835),204.264417354924,(1.207),207.05521802869,(1.598),208.509195761812,(1.934),2.4125167334246016,206.6389023607041,207.88529630437316,209.63733421368147,209.549554058757,(1.352),2.3971693065289554,207.0404219696567,207.88529630437316,210.29852387939093,209.672852752672,(2.022),2.346434101021877,207.30573032906892,207.88529630437318,210.5355357934302,210.770608174651,(1.788),2.378001904599361,207.58120567359822,207.88529630437318,210.89869748501235,211.681973125467,(1.580),2.458930579415714,207.86736097515924,207.88529630437318,211.64463483046688,211.170448139544,(2.222),2.389474043127044,207.9983470407567,207.88529630437318,211.0563843852011,208.682318921147,(1.952),2.279819804460448,207.99531426606646,207.88529630437318,210.41570942331916
12,California,Female,209.218208469775,(1.445),209.734774930108,(0.797),212.8776314427,(0.976),212.637645495975,(1.737),214.167369177977,(1.971),2.2668075753834556,213.4047515755486,214.167369177977,215.70896613235743,215.6580614868,(1.478),2.2111441009652024,213.7783942193661,214.92573002664847,216.41838949581654,215.628114159642,(1.726),2.126288164587631,214.0091007731453,214.92573002664847,216.6512255011666,220.293138391767,(1.517),2.5875275969868383,214.5477714342574,214.92573002664847,218.06928920683526,221.366142517848,(1.192),2.9622583846365687,215.02991458762259,214.9257300266485,219.55153629142706,217.652112189351,(1.831),2.793580385612277,215.09548317111924,214.9257300266485,218.51464806507664,214.94983203119,(2.015),2.657230441452594,215.04311000736712,214.9257300266485,217.62546958317733
13,Colorado,Male,220.387788852911,(1.546),220.807140470814,(1.357),221.402626697877,(1.202),222.255777048415,(1.377),218.926640421506,(1.374),0.8770151481580237,220.71692512501696,220.73440287124183,220.45166627367934,222.952350541758,(1.396),1.028689826357545,220.98845592217174,220.73440287124183,221.45713267657126,220.522068277757,(1.792),0.9475972958626586,220.9109085650646,220.73440287124183,221.09191037241607,221.616405581263,(1.817),0.8983562344271576,220.95117369627633,220.73440287124183,221.2071611494277,221.197750695778,(1.211),0.8443845424463451,220.9516581561672,220.73440287124183,221.18607525299637,220.505252732074,(1.860),0.7827910807974485,220.89740744972005,220.73440287124183,220.9277264115503,217.504630263507,(1.795),1.0372922235986426,220.71446978444365,220.73440287124183,220.2759418748839
14,Colorado,Female,227.014110514541,(1.321),226.728712815932,(1.460),226.179893807181,(1.365),229.229587744303,(1.520),228.113154820577,(1.492),0.860988375586089,227.54170281460966,227.44101304791826,228.38751625188937,230.516371298717,(1.263),1.2039409209909755,227.857142284852,227.44101304791826,229.29881117738168,227.672042983261,(1.760),1.101895182774909,227.77209915678108,227.44101304791826,228.70943592291383,228.020431406647,(1.477),1.0260734849029072,227.75161210387597,227.44101304791826,228.46439693542868,228.617567835742,(1.315),0.9880011135862985,227.7859683824652,227.44101304791826,228.52745327412606,225.332758045949,(1.833),1.0551228800099763,227.59289720995906,227.44101304791826,227.61607965710712,224.426512254251,(1.664),1.208973931997944,227.42223316005138,227.44101304791826,227.00907562697947
15,Connecticut,Male,224.447806705365,(1.280),221.639363114693,(1.207),223.605200997184,(1.528),224.539053221183,(1.320),223.641201836165,(1.582),0.952624112908983,223.1983960300958,222.67034298250402,223.429962496352,226.955614172008,(1.206),1.4437643645008662,223.57419957208,222.67034298250402,224.71043990584172,224.882088639134,(1.467),1.3978618425305889,223.59304919541088,222.67034298250402,224.570302154996,225.698849929144,(1.524),1.4343897376583563,223.67532528423013,222.67034298250402,224.7036250552781,221.024543087951,(1.572),1.4920863901804127,223.4101442608579,222.67034298250402,223.58613113258306,219.08230270059,(1.969),1.6805030996678758,223.0732768803204,222.670342982504,222.31936025827181,213.857748404127,(1.665),2.5373649347573073,222.5872708830104,222.67034298250397,220.75968469415187
16,Connecticut,Female,232.283860627157,(1.500),230.151131249835,(1.215),230.990945789033,(1.476),233.503625819799,(1.259),231.530893424238,(1.399),1.3875361292585182,230.8406754975669,230.151131249835,231.1730563271096,232.353325657056,(1.251),1.3790861456121117,230.8807842505705,230.151131249835,231.28907626660623,233.139451836369,(1.250),1.4580755318283034,230.97894221955977,230.151131249835,231.59209406260325,231.069405346695,(1.457),1.3883124863314111,230.87557354820927,230.151131249835,231.1333639787946,227.700314516257,(1.579),1.5251065892755795,230.56684079524783,229.69331043462455,229.93369657102556,219.219182387234,(1.808),2.8998158007964387,229.82222005498102,229.6933104346245,227.39138015468285,224.684278127197,(1.659),2.9770121389304207,229.57744474915864,229.6933104346245,227.02839966890974
17,Delaware,Male,221.651906701296,(1.200),222.881677758765,(0.960),221.756164319716,(0.818),222.871741913992,(0.834),222.531028909743,(0.863),2.2588803914713846,220.50220567389186,220.81690121687365,220.81690121687365,223.862671033489,(1.137),2.4024806878143163,220.62222760089185,221.2707456755354,221.2707456755354,220.932698683441,(1.148),2.2995859882307514,220.40800977246067,220.4552936162084,220.4552936162084,217.021409498135,(1.283),2.359595161034824,219.95441194254758,218.1281589796333,218.86417940475144,214.325805954897,(1.275),2.629881712056953,219.43760567504103,218.12815897963327,217.01652554019876,204.349788365915,(1.679),4.170032526559766,218.45674744120237,218.12815897963327,214.12521332952963,207.224855636577,(1.756),4.655873807604037,217.90885494798346,218.12815897963324,213.08416625168888
18,Delaware,Female,226.110608942851,(0.831),228.713210193146,(0.994),228.348719302697,(1.011),228.188623248368,(0.862),227.750839229002,(1.007),2.1040484688694017,226.21015417925892,226.110608942851,226.70621143221322,227.711535106223,(1.062),2.0532276765658968,226.13335279728176,226.110608942851,226.42253573970422,226.42485583577,(1.316),1.9616640822410192,225.96446147084234,225.82907456726815,225.82907456726815,226.004407373958,(0.988),1.8816693265703681,225.82070957272043,225.38272740396616,225.38272740396616,221.1077171709,(1.206),2.1319213379109603,225.36905750711801,224.070832361078,223.71585983658548,212.419322092804,(1.865),3.5116187178636067,224.50048802906332,224.07083236107798,221.02208650383125,211.999317476139,(1.758),4.294544709897717,223.8731915436314,224.07083236107798,219.5250935598059
19,District of Columbia,Male,181.541357214016,(1.155),185.793741668227,(1.319),194.046348045934,(1.397),198.09476619822,(1.567),193.597569336593,(1.458),6.377103315751882,194.91012546601874,198.09476619822,201.46454624554508,200.196595429217,(1.254),6.094471323832785,195.7742703677624,198.64073148791303,202.81720908137686,205.999643651412,(1.274),6.363276661783239,196.8783881720299,198.64073148791303,205.18302393732165,209.705916844349,(1.185),6.8463669368423945,197.92446078485528,198.64073148791303,207.3303137543253,208.842397515134,(1.142),6.989003246778291,198.67548604169568,198.64073148791303,209.21456094411565,202.849207052779,(2.064),6.502729405939867,198.7397946418151,198.64073148791303,206.4608296431063,204.380503411163,(1.635),6.317083925010325,198.94271256107248,198.64073148791303,205.5862961705801
20,District of Columbia,Female,194.83281382508,(1.048),195.085922442696,(1.288),199.909062310468,(1.383),205.745940436248,(1.486),207.593284004244,(1.003),5.9284636583783605,204.90541211750178,207.593284004244,211.4179846208399,211.176521728081,(1.380),5.8128818861859015,205.88419311834264,208.61727838386042,213.18038075399272,218.622289585465,(1.385),6.50207333437358,207.2115245169852,208.61727838386042,216.29183860234843,217.072684685453,(1.252),6.614733755159773,207.9780781777909,208.61727838386042,217.28978313989683,219.825174144159,(1.254),6.885291364993148,208.7902693825138,208.61727838386045,219.42292865247032,210.783847499301,(1.834),6.346004275049326,208.71133323224967,208.61727838386045,216.11767337744277,214.14252156127,(1.905),6.1613942558557175,208.9070773388401,208.61727838386045,215.28265434839284
21,DoDEA,Male,220.387711669543,(0.684),222.37546583925,(0.799),225.53939527445,(0.803),224.11425679084,(0.847),225.528786435982,(0.814),2.601264101367163,225.5824818788898,225.53939527445,227.7462511660941,228.730337778796,(0.934),2.599696687665598,226.11310066177586,227.5332379031846,229.0150646365255,230.381095693946,(1.182),2.70778581201147,226.59542310305997,227.53323790318464,230.07944654092387,231.368218686669,(0.991),2.8315509917112682,227.00076212116937,227.53323790318464,230.85426044694134,232.36941659475,(1.064),2.980109517458556,227.38843604753436,227.53323790318464,231.93126086591565,231.933171463251,(1.073),2.9379827147781943,227.59300277587948,227.53323790318464,231.39282303414592,230.137760707554,(0.925),2.854618832071627,227.68042434347686,227.53323790318464,230.91852602990662
22,DoDEA,Female,228.229926586327,(0.864),229.944463542046,(0.967),232.854130992153,(0.700),232.594834746797,(0.833),233.299587339311,(0.685),2.329820449653331,233.10423383189686,233.299587339311,235.40637851982626,235.438272592748,(0.791),2.2738559095604494,233.49335834928175,234.678254148127,236.16781365136353,237.033422696444,(0.954),2.344622546195999,233.88872567811697,234.678254148127,236.97799610904872,237.724559047173,(1.066),2.418394520198224,234.212845969209,234.678254148127,237.5385589274565,237.508088281696,(0.810),2.4197405018218863,234.453083171613,234.678254148127,238.1021780793227,238.41110046565,(1.056),2.4083634334105066,234.64749863998722,234.678254148127,237.7765436681176,238.422409339052,(0.975),2.4390055264468633,234.80984377888785,234.678254148127,237.70481565562773
23,Florida,Male,213.816056706229,(1.353),217.083436557786,(1.081),219.694664928511,(1.098),222.520196142602,(1.147),221.036709347502,(1.341),2.5545211227353466,219.87959235850326,220.29680396694346,223.45764403462863,223.957979899159,(1.338),2.6525062657017258,220.309797249103,220.29680396694346,224.12450357272985,223.835967323511,(1.312),2.647449290215146,220.5701245721435,220.2968039669435,224.25590930304827,226.087476173822,(1.374),2.8723665087877874,220.93711511945426,220.2968039669435,224.8837270635422,220.342338945079,(1.216),2.689442077138905,220.82054838669836,220.2968039669435,224.02061320082203,221.324470228644,(1.708),2.475498578412917,220.7378531005961,220.2968039669435,222.82757919023845,213.565547383533,(1.679),2.7946298585650995,220.32473918207305,220.2968039669435,220.93931391492396
24,Florida,Female,222.328641118637,(1.356),221.861651236635,(1.188),227.493337366987,(0.838),228.864213100664,(1.079),228.149131759498,(1.240),2.536385869997072,226.8515299348398,227.40273926622558,230.20736770107487,231.029067293171,(1.210),2.65144522581073,227.31433085002342,227.40273926622558,231.03223199356137,230.634074018857,(1.234),2.6232830164915133,227.5662146372422,227.40273926622558,231.15045342958865,230.529306500008,(1.197),2.5681173448575345,227.73721673390543,227.40273926622558,231.08687048445063,229.303889687117,(1.279),2.4416155279431395,227.79943954924317,227.40273926622558,230.9746856749984,228.288878084465,(1.346),2.246938266545382,227.73069274094598,227.40273926622558,229.83496473157052,222.947941762442,(1.695),2.3579993713331198,227.44595537834977,227.40273926622555,228.39670984508297
25,Georgia,Male,209.805599897424,(1.372),209.646534591022,(1.524),215.76570253131,(0.991),214.285713784052,(1.310),215.989039513904,(1.370),2.285093145791634,213.87430318179585,214.0787619504431,216.93539369847406,218.795149414966,(1.454),2.582315167683055,214.39337337382645,214.0787619504431,218.0389310010239,218.775329184862,(1.670),2.695343800566932,214.7110916928743,214.0787619504431,218.41964308004128,215.996047534845,(1.640),2.530737646484314,214.7077916786041,214.0787619504431,217.71421675217903,214.199700141392,(1.283),2.370539639316278,214.60530908246744,214.0787619504431,217.0066512870922,210.814382787519,(1.898),2.3232395188311408,214.28707340000832,214.0787619504431,215.1677225144479,210.793182073578,(1.946),2.3287660973442574,214.0876194028989,214.0787619504431,214.28248335692757
26,Georgia,Female,217.637743148732,(1.534),219.150551340935,(1.378),221.849180018474,(1.220),221.361034926051,(1.255),225.679161007406,(1.092),2.1933157913954315,221.8149023581854,221.84091332690681,225.107699832629,224.845766167492,(1.238),2.2106910513017786,222.08585225927308,221.84091332690681,225.3022238676524,225.267927648842,(1.201),2.2359116149478417,222.3036879486951,221.84091332690681,225.41478706235853,223.466198208395,(1.326),2.102958599565642,222.31307448261157,221.84091332690684,224.86523596711015,221.926552903022,(1.495),1.9690783678549244,222.23353366449163,221.84091332690684,224.29218397624578,220.979418775336,(1.702),1.8256510510222268,222.0827700599051,221.84091332690684,223.1655038442537,218.08651245129,(1.791),1.9288207064896359,221.85365480674483,221.84091332690684,222.13396736318134
27,Hawaii,Male,201.775736762252,(1.645),205.387502723226,(1.317),208.315751285014,(1.424),205.133223911118,(1.230),208.370451498008,(1.367),2.550890538090584,207.46348925657003,208.370451498008,209.79181637526278,209.112320290601,(1.359),2.3993900960423447,207.76333676832925,208.96510250270487,210.23954223620728,210.917671184531,(1.309),2.4022622315423696,208.12728558137573,208.96510250270487,210.97872546828035,211.964397509755,(1.486),2.465178871333517,208.45898223081954,208.96510250270492,211.6109430096733,213.355665550718,(1.501),2.6181752703315486,208.81675694220425,208.96510250270492,212.64808422281374,212.965269704596,(1.871),2.593273396757265,209.01049966020088,208.96510250270495,212.27147741734984,211.318137109935,(1.446),2.522186143126953,209.09218209643657,208.96510250270495,211.88793315853263
28,Hawaii,Female,215.10609587618,(1.393),213.758536408871,(1.130),218.953408421191,(1.123),216.667260582377,(1.407),218.94169292058,(1.091),2.168301987742526,218.10130381637615,218.953408421191,220.00568910359118,221.121757988685,(1.340),2.1973691232129458,218.55022342212405,219.39508871274282,221.0784853038897,219.637968887966,(1.441),2.056192002354783,218.68217708246559,219.39508871274282,220.99322579221052,221.162989929584,(1.392),2.0311271130571824,218.90289135602842,219.39508871274282,221.33092969182053,222.172136042693,(1.449),2.0762848495771142,219.149984966074,219.39508871274282,222.0171726292616,225.247222140038,(1.485),2.362685270738644,219.48319491244135,219.39508871274285,222.4271368356748,220.576906642006,(1.568),2.26284566295633,219.50369367034688,219.39508871274285,221.89300273763592
29,Idaho,Male,215.544301957543,(1.378),218.296109090407,(1.210),220.884218780517,(1.077),216.529222795299,(1.236),218.206990420891,(1.131),1.5588743326195975,217.45948928537206,216.75850805250136,218.10001759905788,216.980016876705,(1.259),1.4108903550767629,217.30750119718073,216.75850805250136,217.45661418229997,218.448372630365,(1.220),1.338408205341994,217.36292772275633,216.75850805250136,217.64070725185317,220.323142554217,(1.446),1.4721774974345696,217.55003470405967,216.75850805250136,218.2786237915016,217.420537886412,(1.717),1.3888145496641229,217.48045417370352,216.75850805250136,217.94719771429652,210.591877990351,(1.926),1.9933744994802534,216.99276243662246,216.75850805250136,216.03813966135132,211.118797594808,(1.755),2.277153055036794,216.6891580384654,216.75850805250136,215.1634577296747
30,Idaho,Female,221.130158320849,(1.224),225.315997672661,(1.066),226.061802932165,(1.060),225.508265322656,(1.078),223.524968339501,(1.007),1.4549916527044995,224.15992129992577,223.75033983194666,225.05666108363963,221.68669930971,(1.125),1.4836208157385948,223.79965415319714,223.75033983194666,223.6162587810906,225.190546782189,(1.452),1.4074945537120018,223.9319408825133,223.75033983194666,224.12669468377482,225.360096393287,(1.323),1.356841485624334,224.02993220721032,223.7503398319467,224.44800141872042,227.801435695153,(1.481),1.5718725231570196,224.2744138116386,223.7503398319467,225.35675918575043,219.343840799571,(1.791),1.805960397020756,223.91222352857702,223.7503398319467,223.72948421290818,220.329926583671,(1.715),1.880381854393366,223.72186427751905,223.7503398319467,223.09540208011134
31,Illinois,Male,213.796295479868,(1.734),215.165828661546,(1.335),216.778220039635,(1.511),214.842384601743,(1.577),216.524957593948,(1.182),0.8747967137037972,215.5682494022939,215.52061495340024,216.49234783259817,214.732684809045,(1.600),0.813666836323117,215.44013484876572,215.52061495340024,215.83817223240231,219.485549958333,(1.503),1.3520911759207692,215.82703890973355,215.52061495340024,217.12893387175038,217.198768621803,(1.378),1.3103977656334296,215.89355579866034,215.52061495340024,217.12789833884307,214.982928108853,(1.540),1.2434065973828594,215.79382394207036,215.52061495340024,216.61629345529025,216.896851391966,(1.734),1.1729219648761704,215.8131754108027,215.52061495340024,216.46606482611418,210.322295220663,(1.767),1.611163838791911,215.5092434487032,215.52061495340024,215.25907034536723
32,Illinois,Female,218.956324977229,(1.728),217.920037983973,(1.432),222.133333871585,(1.415),223.512982096406,(1.580),222.423361672038,(1.350),1.7130873573883287,221.36959348082246,221.28135939395045,223.62445663119172,222.498419494737,(1.440),1.5871443743874138,221.4320844628957,221.28135939395045,223.33375648902813,224.726213583589,(1.464),1.738640021013353,221.69561773733747,221.28135939395045,223.87981827946487,223.511770872528,(1.483),1.6918002011876982,221.77590190488857,221.28135939395045,223.762470168479,221.420285920417,(1.527),1.5857058517053613,221.70130812817948,221.28135939395045,223.26994068312544,218.67564599167,(1.773),1.5961627249214283,221.45306334360365,221.28135939395045,221.92235981200093,218.316576869283,(1.959),1.6566806404552779,221.2781970327284,221.28135939395045,221.20862508584332
33,Indiana,Male,216.217571944256,(1.237),214.44718293727,(1.321),219.277079056313,(1.087),218.396813447311,(1.433),216.615722640443,(1.112),1.6303794229088222,217.86625395276565,218.72052169520038,218.72052169520038,222.213694091536,(1.179),1.9819901646563765,218.45269440510864,218.74691195171582,220.52970898559545,224.314150006627,(1.392),2.4637134284735374,218.99978996261794,218.74691195171582,222.03337364259949,224.220775450879,(1.295),2.6808799928503517,219.35453369071556,218.74691195171582,222.74116581480325,218.034749610043,(1.404),2.522823078597821,219.19316479702957,218.74691195171582,221.7639315481273,216.173018646327,(1.852),2.402200374122041,218.9258027455448,218.74691195171582,220.06198030827662,216.305273637869,(1.825),2.3492698323565944,218.77001014316605,218.74691195171582,219.27817035507127
34,Indiana,Female,224.497089962272,(1.107),221.678416071114,(1.395),224.072865428705,(1.232),227.069615397749,(1.210),225.063063514609,(1.106),1.4435256775837875,224.9848803265003,225.32717655160448,226.1590466841359,228.550570534684,(1.369),1.7022102034122126,225.4106265955983,225.32717655160448,227.36001548002434,230.29562044684,(1.231),2.0929452311298755,225.83178198819687,225.32717655160448,228.45464716915592,228.740295037493,(1.382),2.1011068820743115,225.98636677848873,225.32717655160448,228.5240962011219,225.825476737533,(1.568),1.9690040096013672,225.90994936230274,225.3271765516045,227.96866297761403,218.634718529111,(2.036),2.4102544951067673,225.38950429490927,225.3271765516045,225.48009301693912,224.171210407539,(1.845),2.307134674222573,225.32277604354488,225.32717655160448,225.22596486623428
35,Iowa,Male,220.048705242482,(1.325),217.682907049275,(1.216),221.696155192239,(1.451),216.969432319102,(1.290),217.632730354619,(1.035),1.4451999804526807,218.42830585697078,218.20574974152044,217.43012944590896,220.852540874868,(1.380),1.4769953229976147,218.71465139792141,218.20574974152044,218.66459703486953,221.014540708298,(1.469),1.5028618677076926,218.88875572394713,218.20574974152044,219.3110699452544,218.886824800057,(1.499),1.4015708515757344,218.82831334427829,218.20574974152044,219.02892877686946,218.251022146973,(1.341),1.325466286267163,218.74276005854483,218.20574974152044,218.68882443373062,216.169378161052,(1.533),1.3506986392665845,218.5340683423081,218.20574974152044,217.95370092430147,211.05901030776,(1.737),2.0504706571092353,218.13944488601078,218.20574974152044,216.68073806479765
36,Iowa,Female,226.588398889728,(1.168),223.996469683767,(1.225),228.135012026343,(1.071),225.965447997092,(1.433),223.978955266323,(0.971),1.4463198087685458,225.0651154983163,224.3766848074052,224.480131890289,227.033669859992,(1.387),1.4424165564422733,225.23469323047024,224.3766848074052,225.23494100537152,226.334220061685,(1.255),1.376781122947889,225.26051032538757,224.3766848074052,225.35486192606524,224.767283922007,(1.443),1.2990954139091064,225.14966092041482,224.3766848074052,224.958323367864,222.891254190307,(1.564),1.3428736917361828,224.9376363391497,224.37668480740518,224.17326374820905,220.007607991691,(1.878),1.6610700961568228,224.6016347272986,224.37668480740518,223.1691613102842,218.445212992522,(1.666),2.0628851641269184,224.28905749240516,224.37668480740518,222.36125656240398
37,Kansas,Male,216.301612740699,(1.462),217.765657486707,(1.217),221.351700969633,(1.251),222.158194640842,(1.492),219.427078751592,(1.218),1.9815111006866497,218.78519850371845,217.53667937308174,220.70102295538425,220.358116427401,(1.438),1.8873669891908134,218.77879081603757,217.53667937308174,220.29973191016768,217.330824331753,(1.827),1.7820221057289354,218.494727691546,217.53667937308174,219.01292609452634,220.723398049181,(1.398),1.7723063048284198,218.59122814158172,217.53667937308174,219.28631125592747,215.356680045733,(1.531),1.8391618629502475,218.28381675220373,217.53667937308174,218.0420031114719,211.184169265714,(2.007),2.318770527443614,217.79270663998872,217.53667937308174,216.32261299969105,210.946040394644,(2.133),2.6526319963673584,217.44348197101286,217.53667937308174,215.39313912549704
38,Kansas,Female,224.248315323777,(1.270),223.195609538786,(1.541),227.897583063037,(1.444),225.824207593009,(1.433),227.736034523772,(1.244),1.7632980409709555,225.15395274295247,223.93877452060826,226.88267930471073,226.627056005421,(1.462),1.6928037838107266,225.14455504420698,223.93877452060826,226.5119818796407,224.935889099033,(1.685),1.573954356599982,224.98559816975325,223.93877452060826,225.70103210606123,226.005758322008,(1.448),1.508717836190869,224.97450306578133,223.93877452060826,225.5501739394004,223.012224812064,(1.450),1.501277173066357,224.75939048827516,223.93877452060826,224.67615434317975,218.344967782223,(2.168),1.9917646883457665,224.2969817144034,223.93877452060823,223.02122473325937,215.498873663561,(1.688),2.674116923234458,223.8402316094341,223.93877452060823,221.67228756360282
39,Kentucky,Male,215.214468674587,(1.533),217.538441812235,(1.405),218.774384708681,(1.269),222.348690278903,(1.144),222.775977841713,(1.252),2.2761190227948647,219.7439703365053,219.3639454220657,223.33195836067102,220.861679941383,(1.286),2.0864150189702837,219.73686760158193,219.3639454220657,222.50904085115235,226.394072218277,(1.492),2.703986448920789,220.28449848114613,219.3639454220657,223.89159072787243,221.930019891246,(1.364),2.559865374809619,220.2891840430699,219.3639454220657,223.24159136763348,218.110352928775,(1.500),2.446522211972925,220.04828479207853,219.3639454220657,222.00947458508787,214.765396351129,(1.756),2.5249320755484144,219.6331500686345,219.3639454220657,219.94321257373844,214.289914995794,(1.654),2.656200578176414,219.3416274302809,219.3639454220657,218.8506316110148
40,Kentucky,Female,222.778746164051,(1.522),222.479675746858,(1.331),225.996107689548,(1.374),228.90135467551,(1.298),227.455660127496,(1.141),2.0180869337267846,225.64543898393202,225.08945380448202,228.48503021792965,228.113037712903,(1.394),1.9949234600315195,225.7970869255743,225.08945380448202,228.39319196811562,229.74658633014,(1.428),2.1694299245323876,226.05793698566677,225.08945380448205,228.80322652593657,226.277315777135,(1.412),2.0218253437572105,225.957023533542,225.08945380448205,227.93771568165735,223.897182592034,(1.233),1.953666824004163,225.7359511366191,225.08945380448205,226.8858232076133,218.477687739392,(1.777),2.4056896440912237,225.22420208067498,225.08945380448205,224.6903510942879,221.860637294235,(2.025),2.3994645183353214,225.0501847874823,225.08945380448205,224.18626641348828
41,Louisiana,Male,200.197036642582,(1.648),207.791111127713,(1.505),203.262308531649,(1.714),202.971474175985,(1.350),206.179529355507,(1.782),2.4757113749626996,205.33387249882676,206.5793074826657,206.6200352241687,206.558959577276,(1.636),2.2834492317834085,205.58304777567665,206.5793074826657,207.13961648407928,210.512201982074,(1.838),2.5196320283218494,206.1162770849546,206.5793074826657,208.679412900584,210.247423978306,(1.687),2.586968285354105,206.44665877084162,206.5793074826657,209.37134258371373,204.876576913224,(1.831),2.4447312638924674,206.32239429051197,206.5793074826657,208.57201508357383,207.773623821838,(1.859),2.2729426331818297,206.39843710764112,206.5793074826657,208.20385832765288,212.002136203169,(2.110),2.4788296101519394,206.67641815289184,206.5793074826657,208.81285289786592
42,Louisiana,Female,209.704284466753,(1.782),210.571049254271,(1.548),211.663652267452,(1.808),212.286301426941,(1.277),214.824340530631,(1.408),2.0358005857308137,213.30874380595833,214.64427518337513,215.46070938003504,214.63559401403,(1.391),1.928494602941342,213.5568676062948,214.64427518337513,215.77581339858375,222.191693090966,(1.425),3.0145546210823704,214.44017858090234,214.64427518337513,218.41993398133798,213.016657659177,(1.639),2.809865102988019,214.27988206005068,214.64427518337513,217.07461396696402,214.939704240409,(1.387),2.6391196466809705,214.33056045811176,214.64427518337513,216.9626098283805,217.197703552258,(1.893),2.5154982454832715,214.48862331218612,214.64427518337513,216.78735721926898,220.056046514238,(1.819),2.681315681153439,214.75822690355906,214.64427518337513,217.26516474760686
43,Maine,Male,221.33430337479,(1.370),221.405342463444,(1.224),223.380643022056,(1.037),219.580233724396,(1.248),219.380176527467,(0.994),1.8912066131094634,219.6354546598919,218.60344942182695,218.60344942182695,221.482613373532,(1.022),1.8470830737950865,219.71531568806049,219.1824781898674,219.1824781898674,219.905118379598,(1.300),1.7445642803414276,219.60077464918666,218.9368171259223,218.9368171259223,219.211034892129,(1.412),1.6620191600716303,219.4667422279818,218.61521327665406,218.61521327665406,217.888625894714,(1.338),1.632817417226568,219.27144946512595,218.16759951623473,217.97720259026335,209.877316958229,(2.125),2.596864468766228,218.6245791698183,218.1675995162347,215.99475879348245,206.398186068227,(1.736),3.6093492611571,218.00101335728374,218.1675995162347,214.3361178603617
44,Maine,Female,226.496507843727,(0.974),227.631980886896,(1.209),227.778363194104,(1.163),228.09681605876,(1.286),224.855419803881,(1.024),1.6703619016468587,225.75065853047477,224.855419803881,225.24353716706574,228.448044107413,(1.283),1.7688492119077799,225.92399623974174,224.855419803881,226.02587254422747,227.708010079957,(1.244),1.754645179693696,225.94710800871,224.855419803881,226.13842962173047,223.598183573783,(1.534),1.7702416460454058,225.62888070163,224.35099008757854,224.99183506450964,224.597377605733,(1.262),1.703527964328872,225.47213002474783,224.35099008757854,224.4797165905788,215.789440189372,(1.636),2.683109031383408,224.80166026758883,224.35099008757854,222.32482139995494,212.860747619738,(1.586),3.6214267313402977,224.19146158215554,224.35099008757854,220.68183446284968
45,Maryland,Male,215.046093141027,(1.726),217.006162755697,(1.331),221.406540886667,(1.252),222.517762891336,(1.816),227.24793320478,(1.180),3.5046813735028612,220.5136670062584,219.0034399323631,225.89841745362423,227.784014898002,(1.484),3.9573980535146944,221.05436961187615,219.0034399323631,226.62672790318925,218.230982882796,(1.554),3.6879963607068627,220.4828154564864,219.0034399323631,223.49928613632574,220.695510677558,(1.664),3.4322681172377085,220.33695811603053,219.0034399323631,222.432248992084,217.382588391063,(1.606),3.291361734893912,220.01938027042013,219.0034399323631,221.00373567973102,209.896956981844,(1.817),3.7646730113975018,219.3029229953769,219.0034399323631,218.11243686851427,211.823292545224,(1.783),3.9243727863931284,218.91600068506818,219.0034399323631,216.99233724458105
46,Maryland,Female,222.272106656887,(1.510),222.858995381975,(1.485),228.153332051756,(1.364),229.438725108764,(1.592),234.266346855439,(1.084),3.577746706109718,227.44235938545134,226.12236264798517,232.94463720775184,236.130420423584,(1.413),4.274042519791899,228.16772869725446,226.12236264798517,234.2810046487225,227.673289375733,(1.522),3.9236481374523566,227.8089165581384,226.12236264798517,231.79744007188845,229.591087720435,(1.439),3.693374153422861,227.75844505851387,226.12236264798517,230.89427882575296,222.303066448594,(1.509),3.6904849303986933,227.2348811460559,226.12236264798517,228.56158942195768,215.236597597548,(1.885),4.3064360400637725,226.39340258635838,226.12236264798514,225.11386021295974,219.422021507122,(1.874),4.361638704444005,226.0349857998225,226.12236264798514,224.11269514024394
47,Massachusetts,Male,225.076600543421,(1.318),229.901583996976,(1.110),233.323170080863,(1.279),231.140131812917,(1.205),233.991640103049,(1.173),2.634876023309897,230.37699237830157,229.1318630047881,233.80934522663688,229.297493486823,(1.390),2.3780718810269628,230.0190404311589,229.1318630047881,231.8385501259171,232.552005133431,(1.242),2.3103732784963418,230.14311203643936,229.1318630047881,231.92976532394218,232.940258922696,(1.250),2.2857649541761087,230.26173349022986,229.1318630047881,232.04181072998517,226.257562164475,(1.268),2.3432786722079175,229.8863397588679,229.1318630047881,230.41876537666698,223.683794750434,(1.979),2.5555293483961234,229.4335560367107,229.1318630047881,228.62180572795967,222.286252057584,(1.629),2.8726077704700987,229.0595807422072,229.1318630047881,227.4693709654282
48,Massachusetts,Female,230.506354332326,(1.339),232.71606580781,(1.123),238.191747659713,(1.208),236.323798098131,(1.302),239.495174597065,(1.123),2.681570589903387,235.58493344886955,234.78647335930435,239.47030055643359,235.464539398453,(1.346),2.403283394648816,235.3775967558788,234.78647335930435,237.90111438052656,238.139751838387,(1.263),2.3506382614916026,235.53698522613044,234.78647335930435,237.9615212781158,238.509168665121,(1.468),2.3322672046069934,235.68041426224772,234.78647335930435,238.03471428382733,236.131943429086,(1.403),2.1946670396181407,235.6324874706146,234.78647335930435,237.61444377053618,229.884589149607,(1.649),2.3767215740999497,235.17182568033863,234.78647335930435,235.38047271836984,227.288073976649,(1.834),2.8146267310836826,234.74493575961606,234.78647335930432,233.83110856647434
49,Michigan,Male,215.566797543246,(1.442),215.662157211836,(1.798),216.289777777769,(1.606),214.395790902785,(1.233),215.647640468945,(1.316),1.2073177676026867,214.5586205134106,214.35977803103307,214.35977803103307,214.142713341406,(1.629),1.1391084837278023,214.3869841231077,213.8586032331911,213.8586032331911,213.83357601762,(1.534),1.0868035815911652,214.254607215855,213.5296529606255,213.5296529606255,213.585807345429,(1.486),1.0462097656359493,214.14579793982637,213.41606579962303,213.2960458308245,214.309159729135,(1.614),0.9976966924669277,214.11326377818156,213.41606579962303,213.27680127211326,209.052738353325,(2.394),1.4684447498628974,213.75548063434988,213.41606579962303,212.2182766336211,205.090565104357,(1.622),2.327372620449901,213.30930223394122,213.41606579962303,210.96050378894228
50,Michigan,Female,221.880080993902,(1.252),220.833224196416,(1.551),223.96447859424,(1.549),222.144885248935,(1.218),222.057300762583,(1.296),1.2785273525978074,221.36748044760535,220.833224196416,221.66737855378392,220.802963406078,(1.695),1.193256058978309,221.17146950158033,220.802963406078,220.96538065906807,218.826242658436,(1.476),1.285441258383793,220.86860405772245,220.2818640315484,219.96009675823416,221.986425060769,(1.832),1.2348345357980173,220.9266829346017,220.2818640315484,220.35827781142973,222.392659547768,(1.266),1.2201502206545216,220.9901231105342,220.2818640315484,220.67904326810188,214.767437719401,(1.843),1.7898244965066306,220.555259413877,220.28186403154834,219.18610918740606,213.444806158504,(1.483),2.2881536663238258,220.1905272751423,220.28186403154834,218.18111863420955
51,Minnesota,Male,216.243868100106,(1.311),221.177231239474,(1.578),222.687253921088,(1.451),219.818746175199,(1.511),219.248211577492,(1.402),1.8324986051004828,219.35561274284356,218.54704183298594,220.19264908313303,223.151793574734,(1.428),2.039278822641199,219.68838339003926,218.54704183298594,221.1982869274487,217.620134757235,(1.712),1.9506578803187835,219.3544749701918,218.54704183298594,219.7331592394417,221.96072873262,(1.704),1.945358567003936,219.49546783382286,218.54704183298594,220.19022443231628,220.294676515549,(1.469),1.8457790588017955,219.48102870559327,218.54704183298594,220.07953744329436,212.34150655139,(2.185),2.324188029928061,218.9526644712825,218.54704183298594,217.9913844221866,209.473309017958,(1.844),3.0006698341822418,218.45516473289172,218.54704183298594,216.43386853081915
52,Minnesota,Female,229.279278150652,(1.151),229.150780682747,(1.467),227.165591813077,(1.233),226.975180428138,(1.503),225.396029541621,(1.448),1.37397266004374,226.76622486773508,226.17968518461538,224.97664732265434,230.988446875627,(1.337),1.7593655060843831,227.24400474356707,226.17968518461538,227.07432350786632,229.244871617348,(1.491),1.7320122610640296,227.3404182459745,226.17968518461538,227.4875652267412,227.147806435579,(1.414),1.630827252583684,227.23122387159162,226.17968518461538,227.09380010836944,224.588069169968,(1.516),1.669267466947227,226.97223925890864,226.17968518461538,226.1267704686758,218.641026322189,(1.888),2.4189676457931317,226.41469064704603,226.17968518461535,224.3345707048664,219.399455993823,(1.750),2.755486027737097,226.06434238835146,226.17968518461535,223.52680087054523
53,Mississippi,Male,202.251478058562,(1.519),200.299566653007,(1.628),203.703537532743,(1.093),207.630693401342,(1.392),204.274308888935,(1.484),3.068511537280563,205.87952801762475,207.630693401342,207.9273499312594,206.690878410037,(1.318),2.8570398358979925,206.1777621971601,207.630693401342,208.397251283296,211.525567823416,(1.208),3.0638810277014703,206.83075600315175,208.17708642759987,210.19203471048354,211.578245054099,(1.458),3.132445050731824,207.26810554761403,208.1770864275999,211.09580794648411,215.60173676869601,(1.368),3.5959925436279625,207.8920094059057,208.1770864275999,213.08346529466678,211.851871164024,(1.829),3.435918105570984,208.06797943109729,208.1770864275999,212.2488200221834,214.540066948738,(1.690),3.564487731201601,208.36174143050397,208.1770864275999,212.4241514943942
54,Mississippi,Female,208.876337310176,(1.481),208.20073187869,(1.556),211.972658777267,(1.315),213.475302408188,(1.242),214.502975835588,(1.276),2.9505380763880265,213.59275219121793,214.502975835588,216.56776475567585,210.400093105129,(1.104),2.884375688720976,213.36161487964264,214.502975835588,214.99659055743155,216.879866225841,(1.207),2.87888336242158,213.87163659514994,215.58293773664855,216.39732037132904,218.945226619785,(1.412),3.0167012354763947,214.3769433214057,215.58293773664855,217.6973368252875,223.141846907159,(1.327),3.569121467915387,215.05583520093595,215.58293773664855,219.94649265583575,222.701140974886,(1.660),3.7240754949719292,215.477240928977,215.58293773664855,220.0965020993233,222.316135060425,(1.334),3.8489873192810573,215.78502766168546,215.58293773664855,220.2310060124969
55,Missouri,Male,218.644460093548,(1.532),218.309041107907,(1.429),216.47531500097,(1.280),218.974983243073,(1.467),215.391733015737,(1.188),1.2933729075964426,216.8637897941357,216.2574219624172,215.8126776304536,219.261422328118,(1.250),1.3743044414580408,217.10539063495585,216.2574219624172,216.92062301803173,219.263739752787,(1.527),1.4170330876573944,217.23722475235027,216.2574219624172,217.45592021626092,220.501487280853,(1.421),1.5908309495072843,217.42023920048382,216.2574219624172,218.09969164782794,213.958325993203,(1.671),1.7165227466725201,217.089344182223,216.2574219624172,216.76831176447993,210.816924728825,(2.361),2.114823811685816,216.6377724948404,216.25742196241717,215.22157022245523,207.234209041568,(1.719),2.8491135239606242,216.1502762503177,216.25742196241717,213.7930705841278
56,Missouri,Female,225.859430848987,(1.375),223.971791641353,(1.128),225.279060949125,(1.282),229.094861254583,(1.320),225.492954222239,(1.209),1.7578153682787983,225.07294055245393,223.971791641353,225.86316149720605,225.567256279363,(1.326),1.6262759960793811,224.96628280040525,223.971791641353,225.36985702040505,226.296287292448,(1.525),1.5707107066931667,224.97683000800126,223.971791641353,225.3617599573496,224.976277102049,(1.459),1.4845955481526976,224.8775751989208,223.971791641353,224.95902964825402,222.30343120585,(1.419),1.5378168176529603,224.61945256553324,223.79203627776167,223.9725051615084,216.108692736447,(1.853),2.3745885765810546,224.04431588127352,223.79203627776164,222.06022719668374,216.762355522934,(1.470),2.75181307628512,223.6783660249523,223.79203627776164,221.1776204631475
57,Montana,Male,218.130308687307,(1.373),222.381180484747,(1.339),224.932171707428,(1.332),221.782660533959,(0.960),221.6429637948,(1.068),2.0680672473777237,220.93268413140868,219.59201243172038,222.08950637896427,219.565718109154,(1.071),1.915000415718481,220.5909833774099,219.59201243172038,220.69673505292224,220.915390835145,(1.117),1.7731710746096985,220.52741196784783,219.59201243172038,220.481298807007,220.226392772312,(1.267),1.6604844641702254,220.43018800538465,219.59201243172038,220.16213413925988,217.794248131623,(1.348),1.6891527383011817,220.18749750800325,219.59201243172038,219.26782063382024,214.145258130782,(1.771),2.063802976047519,219.78582675769684,219.59201243172038,218.06594440717254,213.995843561667,(1.901),2.3279802514930203,219.4967088113478,219.59201243172038,217.40002916315103
58,Montana,Female,227.642420670616,(1.419),226.751457925136,(1.443),228.481317937415,(1.004),227.604838638613,(1.080),228.610074040256,(0.892),0.9898855853137303,227.17092288651588,226.751457925136,227.6728866280121,226.489658662885,(1.084),0.9378959420155725,226.9727697059185,226.489658662885,226.9106773147128,228.725246185128,(1.256),1.0132690175232046,227.0736394863038,226.489658662885,227.30658921053848,224.626018990616,(1.459),1.139905064731649,226.8065533816187,226.23655825627765,226.31791326129095,225.800315121104,(1.332),1.103265541160905,226.69952374309608,226.23655825627762,225.96761315373953,223.43473833726,(1.700),1.2564771131999806,226.4703681761171,226.23655825627762,225.34606262665412,220.436054310025,(1.555),1.763709541953421,226.16034668350838,226.23655825627762,224.48369208258538
59,Nebraska,Male,217.86526904852,(1.269),219.234938457509,(1.249),220.658380884803,(1.494),219.672502281107,(1.209),220.216718815399,(1.274),0.9216308810095512,219.1930074530795,218.54099354651336,220.11829085740357,221.434963221793,(1.302),1.10912949518039,219.35847301996827,218.54099354651336,220.5139357979214,222.380312151938,(1.262),1.3582528425934448,219.54906958861062,218.54099354651336,220.97792810039982,220.766447010768,(1.528),1.3281116788393963,219.54593133781492,218.54099354651336,220.71841470760828,218.093595977386,(1.397),1.3021651880709282,219.3645120340848,218.54099354651336,219.91014039219667,215.606083535044,(1.673),1.4664499470055705,219.04502407941942,218.54099354651336,218.60635881840776,208.02171762738,(2.000),2.7346711968315454,218.45764725437638,218.54099354651333,216.624028827364
60,Nebraska,Female,223.249761865373,(1.346),223.587565223251,(1.400),225.226555054709,(1.436),225.466860068808,(1.357),226.405418414184,(1.322),0.9412674494756739,224.91916371244253,224.71550083897137,226.39347314221476,225.131215774691,(1.236),0.8497336750910803,224.8818890988175,224.71550083897137,225.93778858993764,231.013011073387,(1.299),1.8948742896596806,225.43252728610506,224.71550083897137,227.68198949723944,227.653592283378,(1.355),1.8686517811848535,225.52065809951006,224.71550083897137,227.58804396158035,226.669869437878,(1.342),1.7847485502123088,225.53047125472625,224.71550083897137,227.4206266776431,221.863741974371,(1.444),1.8262145259134845,225.19517031974019,224.71550083897134,225.67597715480113,215.602918058655,(1.751),2.677572226343561,224.67281232105628,224.71550083897134,223.73366492692662
61,Nevada,Male,202.47063114177,(1.406),202.618259472904,(1.568),208.038425033418,(1.391),208.25779060966,(1.303),209.506332627642,(1.289),2.764500902652282,207.75980507389195,208.8497096600259,211.30777321342202,209.603429806813,(1.320),2.5901914995559436,208.00382052093946,208.8497096600259,211.30242925893685,212.580254482427,(1.503),2.7293531912361395,208.4545748017908,208.8497096600259,212.19066609028175,211.246493975832,(1.729),2.651104831776858,208.65338775130607,208.8497096600259,212.1846192502502,214.397869616378,(1.331),2.8714585199747584,209.04683005029665,208.8497096600259,213.3257768582887,210.017840154648,(1.991),2.64909790819934,209.01038945471862,208.8497096600259,211.9837550273407,208.609479338793,(1.659),2.520367234720425,208.9500893055762,208.8497096600259,211.1584415076829
62,Nevada,Female,211.447434244176,(1.643),211.682756055354,(1.293),213.549450985679,(1.278),213.976553663381,(1.260),215.826457242825,(1.192),1.7416711548156354,214.52054034743787,215.55321977164184,216.50987219639637,218.036290641521,(1.328),1.9374887848393976,214.99607759130708,215.55321977164184,217.66788940453944,216.248084371767,(1.457),1.8259306485960225,215.11424654496417,215.55321977164184,217.51310579494407,218.533053464335,(1.910),1.9307653958229576,215.38776409607812,215.55321977164184,218.0316064667187,220.833139731438,(1.422),2.261327461044026,215.76465067240997,215.55321977164186,219.2047335297682,213.139283638414,(1.661),2.1446482537217983,215.53241434357565,215.55321977164186,217.37599945977914,217.81291344917,(2.091),2.101613131039617,215.63109902415172,215.55321977164186,217.34444257936877
63,New Hampshire,Male,223.80760369438,(1.440),224.340984793518,(1.053),225.833160866865,(1.211),225.854005922464,(1.177),225.80372131885,(1.010),0.8996700123806556,224.75435925592382,224.03970263980457,225.74530540394335,228.785050173722,(1.192),1.5116250505671769,225.1210900041339,224.03970263980457,226.830040080785,226.696700802175,(1.040),1.4903592189370316,225.13770275866938,224.03970263980457,226.56839521056963,227.622394974737,(1.412),1.5627510128619753,225.2297666161772,224.03970263980457,226.65472483349197,219.75714895091,(1.536),1.9660269480965191,224.7489321072104,224.03970263980457,224.66238531372986,218.787566929092,(1.779),2.244630141116652,224.32538116791233,224.03970263980455,223.14763970140095,217.148390611137,(1.593),2.633064623011595,223.95457588779593,224.03970263980455,222.08178734360706
64,New Hampshire,Female,231.7122930218,(1.274),230.855901293292,(1.229),232.184136620754,(1.048),232.652953917983,(1.191),235.392290960276,(1.110),1.3163656376086206,232.3138900694301,231.59479152011758,233.9621587997259,235.40190129603,(1.039),1.5546741754929163,232.5518896658879,231.5947915201176,234.44924127993227,237.601760667988,(1.244),2.0523129209333457,232.90895382602326,231.5947915201176,235.35536666549768,230.211538511073,(1.229),2.0217908517634773,232.54997242717212,231.5947915201176,233.62324190473439,229.107013080315,(1.323),2.0662331165095793,232.23180939856664,231.5947915201176,232.29444764374767,226.415011224792,(1.616),2.2987119483246357,231.8223401384233,231.5947915201176,230.78642711141003,226.00790612699,(1.579),2.5182326438707126,231.52299755137707,231.5947915201176,229.94353023908633
65,New Jersey,Male,221.789826163465,(1.312),220.589125373683,(1.673),227.712178375756,(1.242),227.109877186229,(1.115),229.075106277394,(1.583),2.7628015361288116,225.14244574370483,224.0523655373859,228.93888191097744,225.903729119399,(1.435),2.507723918260392,225.00831554246338,224.0523655373859,227.65811632670443,226.424995141042,(1.773),2.3465810095010897,225.0025480086438,224.0523655373859,227.1166412597296,228.676745937908,(1.758),2.4023632007117737,225.1917248947346,224.0523655373859,227.4194559791763,223.571271407937,(1.600),2.2856956906817336,224.98104404530713,224.0523655373859,226.3870135336282,216.978837309647,(2.118),2.7445768947583336,224.39013558878924,224.0523655373859,223.8374996982546,216.744328618785,(2.669),3.0798818628966926,223.98596404998992,224.0523655373859,222.5251313272778
66,New Jersey,Female,228.547541793036,(1.499),226.297409181645,(1.498),233.708873517071,(1.474),231.698153593304,(1.192),233.449071999951,(1.197),2.2855362093760827,231.16885855463252,231.02049800952443,233.9055434232206,231.476501554334,(1.565),2.052664420981419,231.11532460136291,231.02049800952446,233.10385352939204,232.551987364108,(1.599),1.9264520743666185,231.20442810947424,231.02049800952446,233.00946647204353,237.391471562469,(1.256),2.41902657264056,231.66155598451286,231.02049800952446,234.3203991196168,230.966434361211,(1.498),2.2686761557707076,231.547645514295,231.02049800952446,233.606190253985,228.699701448556,(1.887),2.170247889846504,231.28949823384477,231.02049800952443,232.08733643981148,226.438331729084,(2.539),2.304608244541342,231.01809696058265,231.02049800952443,230.96527388386434
67,New Mexico,Male,200.571961269093,(1.807),202.783975261252,(1.472),210.482663985348,(1.610),202.834368920931,(1.667),204.978693759548,(1.337),2.8058478360722305,203.7799823398384,202.69317082676693,205.37547689514446,201.715848284655,(1.483),2.581837465513362,203.37317495630103,202.69317082676693,203.64473386095077,202.103915603351,(1.296),2.3867618807540936,203.1832255973145,202.69317082676693,202.93470631762307,203.95849177772,(1.420),2.2230374701860818,203.21107184798683,202.69317082676693,203.09503491852303,203.629560732837,(1.509),2.0861264059931193,203.20569281349708,202.69317082676693,203.09762443407675,197.811699272595,(1.809),2.2625156983136514,202.8375650778848,202.69317082676693,201.785979500581,198.753700227106,(1.747),2.3253875094688734,202.63153703518967,202.69317082676693,201.27559362049072
68,New Mexico,Female,205.913096375672,(1.821),210.98447293862,(1.623),212.735025287898,(1.374),212.594839630945,(1.377),211.054250247155,(1.140),2.0100745404318987,210.53146979446333,209.8402155678819,212.6721511928157,209.870068952421,(1.355),1.8066059147758253,210.31918016418282,209.8402155678819,211.47733069807262,212.504153949882,(1.255),1.7734292571972778,210.460937515765,209.8402155678819,211.75592443082533,211.604810746191,(1.487),1.6802134565469666,210.48442478133617,209.8402155678819,211.60856939742158,211.653068517821,(1.366),1.607938627114402,210.51395661546047,209.8402155678819,211.6157078886285,206.621900805917,(1.799),1.7088658033686293,210.19455923126523,209.8402155678819,210.14790072522925,202.706683794179,(1.818),2.2773822032082363,209.7922942815091,209.8402155678819,208.73802598130735
69,New York,Male,217.883547280136,(1.431),220.226164415283,(1.142),220.485708874671,(1.224),220.794695402466,(1.071),219.404761896834,(1.408),1.168457769620029,219.13450242828358,218.1914177863645,219.7844752679878,220.677254228771,(1.468),1.1932539836952318,219.19257554515707,218.1914177863645,219.88168551190176,219.21187066784,(1.184),1.1206259174065616,219.08793999368007,218.1914177863645,219.39865042733322,219.024012162552,(1.443),1.061574678170007,219.0074076568425,218.1914177863645,219.07058307637584,216.92403091694,(1.508),1.1254849373538969,218.80285560993536,218.1914177863645,218.28801284242763,213.105934224717,(1.924),1.6453204325533488,218.41269769447484,218.1914177863645,217.01449365011632,212.367615579799,(1.880),2.0359508476856454,218.1056645241058,218.1914177863645,216.21909275441465
70,New York,Female,226.430267315636,(1.087),225.157221336428,(1.310),226.90676857788,(1.359),228.10994829596,(1.176),225.616692854823,(1.262),1.5377618675531863,225.37169253536823,225.157221336428,225.61029658219132,227.016902169976,(1.222),1.535951080936448,225.40151439735885,225.157221336428,225.7232092291485,226.290517136942,(1.517),1.482651484915192,225.3477690612992,225.157221336428,225.51185358439773,224.779674676619,(1.469),1.4218142413765125,225.1910284419228,224.779674676619,224.94843452266423,222.417464959025,(1.541),1.5136528012319477,224.91196376037294,223.971432597691,223.91842958189585,214.034257747208,(2.229),2.8087179248803964,224.1928533775428,223.971432597691,221.57587988099243,216.926043504104,(1.977),3.101523543460081,223.83596236708715,223.971432597691,220.85561729380254
71,North Carolina,Male,215.808335186743,(1.265),213.423667730022,(1.223),214.085258944197,(1.123),214.787784315963,(1.461),217.326985638267,(1.367),1.152983548326886,215.50608657093215,215.83262304379488,216.29834171895018,218.576514928009,(1.226),1.4007887746885954,215.8821008182431,215.83262304379488,217.41354785674156,221.56567079625,(1.446),2.0584373832480627,216.39121749761858,215.83262304379488,218.90708916444026,221.169723371429,(1.326),2.3034977959396277,216.69416709360618,215.83262304379488,219.53437128025507,215.745545269568,(1.240),2.1678509033702382,216.54564373963578,215.83262304379485,218.67111678263763,212.820246249339,(2.050),2.1485208501825346,216.21462376761096,215.83262304379485,216.87113625209443,208.849121051957,(2.062),2.571959231914329,215.8097836606839,215.83262304379485,215.30731723224216
72,North Carolina,Female,226.68237662618,(1.366),221.069510181597,(1.283),221.752479907314,(1.148),224.020927800913,(1.116),225.291023239749,(1.271),1.683471741266772,223.96694798844993,224.21396154698357,223.99731594081163,226.101070427595,(1.359),1.6366380145768915,224.2444308353923,224.21396154698357,224.94597410644158,230.242403831782,(1.226),2.248593771913246,224.80198035371978,224.2139615469836,226.78416365504523,226.831784915533,(1.367),2.161724280688106,224.88895289962863,224.2139615469836,226.73393863451042,226.83087727106,(1.211),2.0895078011411,224.96561128828603,224.2139615469836,226.84685661155643,219.443526118873,(1.710),2.267874537463984,224.53034057875027,224.2139615469836,224.73155636332334,218.087596696223,(2.038),2.5553939872797784,224.1810784875509,224.2139615469836,223.45765118003277
73,North Dakota,Male,218.228071740159,(1.062),222.412611891369,(0.923),223.57801041053,(1.278),223.10733715341,(0.940),222.950052824208,(0.823),2.009420545843163,221.17065710673774,219.60871655088474,222.99562084416266,220.37972804702,(0.832),1.8479906785761306,220.85395976974564,219.60871655088474,221.54812241582823,223.569219848765,(1.029),1.8945418364423143,220.98478509579417,219.60871655088474,221.90966012034912,216.681968313061,(1.054),2.0811698567620853,220.51481870462047,219.60871655088474,220.06908318921217,217.016871958436,(1.059),2.132867612678799,220.20773896277308,219.60871655088474,218.94569673587912,213.879772120225,(1.537),2.424422163011547,219.7947692847966,219.60871655088474,217.79934516469677,213.892237752549,(1.591),2.636652549567378,219.50318495670115,219.60871655088474,217.18148988466277
74,North Dakota,Female,225.212304387886,(1.108),227.193169533722,(1.021),229.135413768926,(1.020),228.918589190256,(1.000),228.248974907756,(0.968),1.5496416787239071,227.0068455869724,225.737345392219,228.41062251230176,227.984761070125,(0.785),1.4743379174965745,226.94188098716236,225.73734539221903,227.92263202618227,225.918244725469,(1.070),1.4003217447780025,226.71271464337957,225.73734539221903,226.94247506986,226.695690162753,(1.014),1.319819529005588,226.63101170307436,225.73734539221903,226.62762175676335,225.45592809107401,(1.325),1.2824651008661743,226.48589597335953,225.73734539221903,226.08428854475213,221.242643652901,(1.450),1.669041973606356,226.10459298001564,225.73734539221903,224.81727916727093,217.105079823541,(1.549),2.499239221139576,225.63715714233774,225.73734539221903,223.43301564495
75,Ohio,Male,218.030819579055,(1.514),219.445419828412,(1.818),222.962307120966,(1.300),221.643488648998,(1.040),221.544347431793,(1.139),1.4824046291951907,220.47121976132058,219.73851820699247,222.13174217601176,221.118181185088,(1.564),1.3625251513009855,220.42072877734188,219.73851820699247,221.61159049882838,222.176304164745,(1.364),1.361373846386227,220.50188846149854,219.73851820699247,221.67446125996784,223.497847648411,(1.342),1.507823058408491,220.66555372435943,219.73851820699247,222.06051653333552,219.586421858615,(1.492),1.4427105916743794,220.51426343289148,219.73851820699247,221.34345867002452,215.775362320389,(1.657),1.6931656097689787,220.13883090781283,219.73851820699247,219.7497672076733,211.343200490445,(1.940),2.4734284418870045,219.67066440311666,219.73851820699247,218.17788071784986
76,Ohio,Female,225.710999362243,(1.282),225.669615422422,(1.315),228.475548383397,(1.401),227.359368695241,(1.551),226.12038573102,(1.123),1.0227380217485793,226.25449119707287,225.669615422422,226.70602587894,226.78495592395,(1.205),0.9507804444805132,226.2342359811635,225.669615422422,226.5612476338569,227.741184422317,(1.633),0.9859680278480374,226.31565669980571,225.669615422422,226.8026831104915,227.098999529729,(1.205),0.9548044420072546,226.3170658790791,225.669615422422,226.73180172438214,224.432435201513,(1.250),1.0086568611114126,226.13254768868785,225.62574212436647,225.98642872961864,221.614560267533,(1.680),1.3718067057067287,225.81634527829053,225.62574212436644,224.87777666107232,220.875110428666,(1.813),1.6825737895404715,225.56271575367293,225.62574212436644,224.1761355984161
77,Oklahoma,Male,210.132990630167,(1.546),210.709224386394,(1.317),214.362903010481,(1.232),213.965077337446,(1.365),212.646673410527,(1.564),1.4032557773064815,212.17647734834568,211.57011200699432,213.66745668046462,212.834170631385,(1.450),1.2888691910568457,212.1459355172748,211.57011200699432,213.24962676592625,219.162796906326,(1.475),2.3111895473369506,212.7425168544018,211.57011200699432,215.16072760693282,212.884139747191,(1.483),2.1572228400861073,212.62432323676552,211.57011200699432,214.3004116793713,214.467536688511,(1.438),2.0886649114125584,212.6689962492271,211.57011200699432,214.3155236817056,202.528351012606,(1.744),2.9507239209298737,211.93122245096674,211.5701120069943,211.1606876393243,203.577368315903,(1.849),3.327424363495566,211.49179387253938,211.5701120069943,209.7687949145311
78,Oklahoma,Female,216.951128687685,(1.451),217.011907455813,(1.175),219.562137393269,(1.439),220.360614411778,(1.251),218.537480201699,(1.181),1.0739834362126672,218.56903589494965,218.38105027679603,219.74288969206836,221.283865121005,(1.312),1.2891798491030544,218.83542295499004,218.38105027679603,220.41269080465145,224.689293982498,(1.291),2.045247847525815,219.32243129184403,218.38105027679603,221.83130917129324,220.405491055469,(1.274),1.934024231179489,219.29702553065553,218.38105027679603,221.2831382437003,218.304043738616,(1.319),1.829649056611122,219.14809706002978,218.381050276796,220.51138281833602,213.90648210553,(1.622),2.0392241114130645,218.73580850323867,218.381050276796,218.62903164669063,211.179108891394,(1.731),2.521069522279553,218.33062366013118,218.381050276796,217.22123809350512
79,Oregon,Male,212.737645931529,(1.513),213.315652011489,(1.561),211.953354104528,(1.506),214.119580511062,(1.379),211.766240407353,(1.295),0.7793954921881932,212.44797604703734,212.08607757903883,212.2429771882571,214.676186446365,(1.510),0.9782734939498104,212.67451555763682,212.08607757903883,213.09513938412132,216.738766012744,(1.539),1.4643727802534752,213.0008161942398,212.08607757903883,214.18753582005385,212.403146769556,(1.606),1.3770893781477425,212.86223664788406,212.08607757903883,213.482671118247,215.175280868337,(1.509),1.4247391520537651,212.96749218673307,212.08607757903883,213.8403856659222,206.664964250793,(2.159),1.9167399981306035,212.4889689416005,212.08607757903883,211.85675466946537,203.396036055671,(2.057),2.6645522714224215,212.00797375133234,212.08607757903883,210.28968954179015
80,Oregon,Female,222.768337211403,(1.573),220.409113684945,(1.592),218.184522359639,(1.696),222.500492043449,(1.414),221.137684957098,(1.397),1.397561811015118,220.5600932936356,220.0628190233014,220.34950658661654,223.805294649289,(1.517),1.6004144350659122,220.891022801142,220.0628190233014,221.57273359137443,223.80020391646,(1.724),1.6993664688864598,221.0792936949886,220.0628190233014,222.12754876774926,222.780554610986,(1.881),1.6616984632146352,221.1204339452575,220.0628190233014,222.1010065277418,220.493885438408,(1.528),1.577476300150716,220.9952968311571,220.0628190233014,221.53270190273986,214.112879413874,(1.736),2.1104780716954514,220.48297356433358,220.0628190233014,219.5212863324403,210.698040970764,(2.176),2.900839431079264,219.9690380591142,220.0628190233014,217.90585684699698
81,Pennsylvania,Male,215.440598397649,(1.569),218.690826842768,(1.519),223.034268702784,(1.424),221.348590389687,(1.696),222.767325061307,(1.435),2.2751347494541316,220.38088348326156,219.75758072944916,223.49690252062396,221.451603715553,(1.469),2.0826975698494534,220.3535802358815,219.7575807294492,222.72184607358383,222.934642918918,(2.068),2.059368354334539,220.49827418294242,219.7575807294492,222.7624981558322,224.111122237425,(1.399),2.1524570306418576,220.69667150369708,219.7575807294492,223.06470068691806,218.690781708848,(1.509),2.0688439666626977,220.47151057955637,219.7575807294492,221.95678462148192,216.848587852364,(1.867),2.059899994680213,220.15682786666306,219.7575807294492,220.39923007812953,212.015040196638,(1.936),2.614655147714989,219.7156150681275,219.7575807294492,218.79237051905076
82,Pennsylvania,Female,222.142128702547,(1.396),226.897806009626,(1.424),229.713883445486,(1.172),226.130538682297,(1.468),231.90246307124,(1.366),2.6509909966213585,227.4203147198763,226.65510007847018,230.79592697368662,231.419707782965,(1.382),2.721525126895354,227.71407047208152,226.65510007847018,231.0868175784666,230.615709098751,(1.735),2.653016471056116,227.82653300371595,226.65510007847018,230.818624788291,225.756307280793,(1.414),2.5102371257396023,227.52099505806268,226.65510007847018,229.17167630600645,227.81652392223,(1.490),2.3577882620869266,227.4693280443388,226.65510007847018,228.81203617440244,221.035037578024,(2.049),2.5890010076293675,226.98307345995704,226.65510007847018,226.66343630043798,219.775995289213,(1.572),2.9035592687438263,226.59947204935307,226.65510007847018,225.37565540877677
83,Rhode Island,Male,213.273579942254,(1.482),212.08008310066,(1.440),214.837713935912,(1.255),217.865993291219,(1.507),218.354723191294,(1.053),2.02646496425697,216.0486380273639,216.28874334524525,218.91931343131898,217.580757901886,(1.279),1.8990385868443789,216.17886727023617,216.28874334524528,218.70983915338275,222.726499162492,(1.302),2.5530946843783693,216.76553718263176,216.28874334524528,220.26570995965608,220.605576552592,(1.357),2.593038690766869,216.98396791069868,216.28874334524528,220.39735607615307,217.705016393506,(1.153),2.4397599313003373,216.96082692373824,216.28874334524528,219.95499439351107,211.943724416146,(1.651),2.4864338405972326,216.54548202510327,216.28874334524528,217.59402118675445,212.202508909737,(1.773),2.5354335506472805,216.29815772501243,216.28874334524528,216.50527407988892
84,Rhode Island,Female,219.824361070488,(1.491),220.753370837033,(1.456),222.869888909215,(1.257),227.788354564659,(1.115),226.853367907123,(0.933),2.5501342064721118,224.33914231312065,224.29154949935173,228.1358818452818,228.257792547805,(1.150),2.6264948266296835,224.6926403785878,224.29154949935173,228.50680120997197,228.299741170923,(1.137),2.6370893092836956,224.92478238155022,224.29154949935173,228.55077933834673,226.151685503661,(1.265),2.474953512991401,224.9179992810732,224.29154949935173,227.8485794908022,222.78770209885,(1.206),2.3632075604784535,224.70141139635243,224.29154949935173,226.70674452977292,222.973189740427,(1.463),2.1990267772770036,224.52215781848125,224.29154949935173,225.49036484440472,220.647590142685,(1.799),2.244793111255417,224.30108166889153,224.29154949935173,224.51078939876663
85,South Carolina,Male,210.526044994479,(1.346),209.883820639257,(1.414),210.48205592405,(1.433),213.406127584539,(1.279),210.292383772946,(1.458),1.0047249706413035,211.0637246095076,211.1082978399746,211.61362181990648,209.352249831656,(1.555),1.0292601329473743,210.8530804017789,210.75279287454626,210.75279287454626,213.287665229693,(1.973),1.1542747469821097,211.11185997419824,211.1082978399746,211.68590462230728,209.566332038524,(1.811),1.1370923582152224,210.9779477113487,211.1082978399746,211.09239848661255,211.750120472054,(1.702),1.0804885707964416,211.0407844551586,211.1082978399746,211.3209369858602,213.254516136203,(1.931),1.1092831531615708,211.17182895454755,211.1082978399746,211.72411302235196,210.38995961632,(1.748),1.0672948326898357,211.12256794628968,211.1082978399746,211.43651028522146
86,South Carolina,Female,219.01186699499,(1.561),216.647553277809,(1.656),217.564165887145,(1.369),218.548467866338,(1.368),219.584539381977,(1.221),0.9070855280777468,218.64436663645284,218.97359490864145,219.19269332170336,218.090898514297,(1.356),0.8352423870740022,218.60165825841605,218.97359490864145,218.90443263522963,222.960314281656,(1.570),1.432152527846951,219.04745530684175,218.97359490864147,220.41499863972393,216.908854720215,(1.320),1.4263146580709967,218.84788007028232,218.97359490864147,219.43425583959976,220.35991681405,(1.634),1.3861184071671835,218.95918625683237,218.97359490864147,219.80001561537324,219.505868016123,(1.879),1.2789496483669527,218.97861788702033,218.9735949086415,219.63258078641212,219.527098240456,(1.712),1.2228034941876371,218.99960970795078,218.9735949086415,219.5719352927553
87,South Dakota,Male,219.522746358624,(1.531),218.524158030967,(0.832),219.795582756793,(1.430),219.526939475528,(1.007),216.51737447882,(1.054),1.276752278889239,217.96446742762788,217.17370974115684,217.0630342109194,213.851543091988,(1.270),1.709278234374278,217.41690308782142,217.1737097411568,215.39594415535305,218.433873088423,(1.259),1.5832503021578124,217.53210216453687,217.1737097411568,216.23495457543208,219.150621593835,(1.331),1.5241316440363608,217.65457779858386,217.1737097411568,216.93443771426595,220.347637035736,(1.427),1.5719068696975773,217.81742231587086,217.17370974115684,217.65344784570644,212.881971780018,(1.656),1.8193077123189576,217.46187958394898,217.1737097411568,216.40992616062798,210.358359461993,(1.675),2.305884603409337,217.0933887948846,217.1737097411568,215.32632797689564
88,South Dakota,Female,225.144934690616,(1.334),226.824514248439,(1.052),227.164577573153,(1.383),224.986731815052,(0.898),223.285877181221,(1.268),1.4201306227246302,224.62075605908817,223.7950576411762,223.62069451769628,222.281767275699,(1.324),1.4822946756923274,224.28020890952038,223.7950576411762,222.69881592418392,222.577448412637,(1.306),1.4521762004659282,224.10377871658466,223.7950576411762,222.41670498831132,224.399956002526,(1.334),1.3501539970496865,224.12943297670972,223.79505764117621,222.83971693977946,223.675048924895,(1.332),1.2731658892815687,224.08391276675297,223.79505764117621,222.80911254790536,223.587623615621,(1.487),1.179696182599025,224.0434619109219,223.79505764117621,223.03364397773808,217.817154313079,(1.995),1.745253061083051,223.72161924542897,223.7950576411762,222.10597453898941
89,Tennessee,Male,207.639018647086,(1.665),210.467971298132,(1.728),212.805166595733,(1.484),213.857725172857,(1.559),210.796535257723,(1.406),1.9179489167695745,212.0643627596099,212.8164965469196,213.8112244368897,216.27950409242,(1.713),2.1715796231280446,212.59704030273022,212.8164965469196,215.23607983421334,213.791467960647,(1.726),2.0238180934315837,212.6790724894265,212.8164965469196,214.97064654585495,215.298266319795,(1.454),2.007462277336792,212.86595629463991,212.8164965469196,215.20416954140836,216.944988711543,(1.428),2.139740424143416,213.13353098198627,212.8164965469196,215.9909412444598,211.074230876687,(1.754),2.0083678679978707,212.93164456823501,212.8164965469196,214.44469553111685,212.026587083493,(2.287),1.9184870425285827,212.86324106896774,212.8164965469196,213.8916205540275
90,Tennessee,Female,216.53659873817,(1.991),217.788050277847,(1.518),218.654356491698,(1.480),219.654583068219,(1.132),218.728738672817,(1.197),1.1449614026719,219.06250143374092,219.654583068219,220.18764771248078,223.402602726638,(1.366),1.690136805899298,219.6212982465149,219.76875984404427,221.84684976256824,223.5048321839,(1.666),1.9119959973761411,219.96242777020055,219.76875984404427,222.59166755925287,222.683551442476,(1.221),1.9243150293270355,220.12626342959913,219.76875984404427,222.6855823635113,221.185976457862,(1.131),1.8256238236869204,220.15701702150278,219.76875984404427,222.53693757506878,217.020281158328,(1.812),1.803797376211791,219.89261158570545,219.76875984404427,220.89767364141733,218.296787066532,(1.940),1.7470390401608134,219.79365936927317,219.76875984404427,220.34144892430942
91,Texas,Male,212.081642569087,(1.364),215.568436811917,(0.963),216.56758682094,(1.038),215.671112654453,(1.318),216.326578758865,(1.615),1.5039003778935929,214.75619055710462,213.76092467967575,216.3028492370812,215.159015290551,(1.169),1.381896175384258,214.65063126020812,213.76092467967575,215.6285788183059,214.919294114245,(2.053),1.2861569640476087,214.57443320868157,213.76092467967575,215.18284982342988,213.480033355234,(1.298),1.233932522342833,214.41265029854475,213.76092467967575,214.5022316436939,212.405400450558,(1.335),1.2581285617973421,214.22467215332986,213.76092467967572,213.77760049668154,212.01362008086,(2.075),1.2627169873280277,214.05167999795958,213.7609246796757,213.28331225368407,207.177450569723,(1.864),1.89992315052462,213.6918319426575,213.7609246796757,212.1717917282566
92,Texas,Female,217.599508338624,(1.184),221.918761068007,(0.931),222.681490702149,(1.065),222.172896698448,(1.330),220.364926801161,(1.717),1.6574176100736169,220.398140972878,219.45109752188011,221.4394360328707,218.716156925628,(1.293),1.5683763347903077,220.06666621221632,219.45109752188011,220.09076640317852,221.181815818424,(1.973),1.4777005959962335,220.115958451675,219.45109752188011,220.28127683972838,216.385004986515,(1.436),1.672902010945527,219.75987132824173,219.45109752188006,218.9796972597515,219.845305682181,(1.328),1.567350376179408,219.75046512577848,219.45109752188006,219.0337250678354,216.412351436228,(2.069),1.6244740641346525,219.53533564520163,219.45109752188006,218.45285487306822,216.683854283316,(1.833),1.6644736135505203,219.39601637797006,219.45109752188006,218.1842312119509
93,Utah,Male,214.947357668406,(1.335),216.345542971253,(1.371),217.317943204231,(1.377),216.930110591978,(1.319),217.766353874965,(1.274),1.1911839728949922,217.55124328520134,217.766353874965,218.67130409129308,219.109466011707,(1.369),1.2026914805588302,217.7976378627997,218.3834551124718,219.23760446869733,222.034749064007,(1.245),1.6347558601904637,218.22890764954676,218.3834551124718,220.45245303227688,221.076776708183,(1.502),1.7017478540551667,218.43665046781155,218.38345511247184,220.773921602952,221.375682128017,(1.264),1.759447092879592,218.6232544179026,218.38345511247184,221.24695639972515,219.294876883956,(1.671),1.6255497290437066,218.59185810653986,218.38345511247184,220.39561000591596,216.019147130487,(1.751),1.634090344819059,218.42994272856302,218.38345511247184,219.4526702825699
94,Utah,Female,223.771423553413,(1.148),226.371401604328,(1.447),225.187427778714,(1.415),221.549557044143,(1.316),223.1608199659,(1.239),1.558837211902745,224.5956557120522,225.187427778714,223.50790639971422,226.589850790213,(1.210),1.517937400960903,224.97168064264454,225.60200519357747,225.01966100713634,230.232539349859,(1.466),2.0101638829162582,225.53289177856655,225.60200519357747,226.98543365189664,229.646934844987,(1.383),2.156128269568558,225.8480298947445,225.60200519357747,227.84448702931263,229.228522909016,(1.471),2.190351726388445,226.05512441242539,225.60200519357747,228.4377200344635,222.948085869916,(1.831),2.1165406405087186,225.7850514196348,225.60200519357747,226.7794641660669,222.935493418863,(1.823),2.099670503317145,225.61878286858254,225.60200519357747,225.98789171869353
95,Vermont,Male,223.517953011619,(1.110),223.182784297239,(1.144),224.5240328057,(1.304),226.107833888701,(1.036),223.925141043184,(1.041),1.7940020672068948,222.978399406213,223.182784297239,223.65149602403952,222.899788360942,(0.949),1.683070594012903,222.753907040989,222.7959098449236,222.7959098449236,226.261122140239,(1.099),1.886318113072941,222.94672992421138,222.899788360942,223.52343390386443,223.347717963286,(1.311),1.8053340775468072,222.834165776376,222.899788360942,223.04946117572393,217.677152513402,(0.949),2.1207984365652472,222.3554112111262,221.21868824791176,221.2043697926656,215.07498411427,(1.771),2.555705991344835,221.8246895155495,221.21868824791176,219.61308720884006,206.887060588447,(1.546),4.022356322615205,221.049802623547,221.21868824791176,217.33431888752318
96,Vermont,Female,228.865530239898,(1.238),230.313044805376,(1.191),232.084730693661,(0.942),231.477268708324,(1.016),229.678754377592,(1.045),1.378683562412167,229.67763332286395,228.865530239898,230.17995431496442,233.417243262512,(0.989),1.7349636466713678,229.97627559599832,228.865530239898,231.15742245358717,234.243844380896,(1.122),2.0469505281888645,230.2287331876892,228.865530239898,231.85627302615427,229.647313824145,(0.901),1.93923293974646,230.02406618694454,228.865530239898,230.8474910432671,226.280584734874,(1.163),2.0424658587282503,229.65016753291872,228.544262522206,229.34060038761106,218.945458569216,(1.616),3.0421805697411384,228.91111046800822,228.54426252220597,226.73692100961904,219.033114147772,(2.023),3.5911758939684533,228.4079613824991,228.54426252220597,225.4093363089488
97,Virginia,Male,219.160321780452,(1.761),223.348386013399,(1.140),224.113410441155,(1.253),222.780828509803,(1.400),222.830894147593,(1.217),1.683103309150454,221.73832292612315,220.54795493529576,222.95756862764665,225.01205819765,(1.509),1.8680017008839906,221.95673956354867,220.54795493529576,223.4952009960532,226.534468410055,(1.973),2.1955494846293795,222.23391810100026,220.54795493529576,224.20675630212259,226.245481047042,(1.594),2.346295789917705,222.3945901873401,220.54795493529576,224.45190990322237,220.957325886763,(1.431),2.2520998832679098,222.14915874852562,220.54795493529576,223.31804355718313,207.513128424099,(2.032),3.856019267828789,221.10244218683653,220.54795493529576,219.17543371259853,207.531201430242,(2.314),4.682370546784863,220.39736453840965,220.54795493529576,217.08437580691623
98,Virginia,Female,227.646401614911,(1.590),228.063464116295,(1.022),230.211145509428,(1.310),230.467290216981,(1.367),230.065727783502,(1.282),1.1693295280109497,228.84712996895442,227.9666235901641,230.15077608777065,232.347271237737,(1.587),1.549074774033492,229.12462211994247,227.9666235901641,230.86104700963517,231.521724614251,(2.010),1.6160257003598422,229.2122578133914,227.9666235901641,230.84884275338962,229.020300389193,(1.847),1.5236918312892844,229.07343741246285,227.9666235901641,230.06530798595887,226.527343371853,(1.701),1.5613911493057164,228.80888878054077,227.9666235901641,228.95634047426995,220.715801009053,(2.094),2.3055984094310946,228.2431753136215,227.9666235901641,226.8539758212052,221.046389628601,(1.671),2.684026971626266,227.87405935541605,227.9666235901641,225.8376461909587
99,Washington,Male,216.331757738608,(1.324),218.770613174119,(1.433),220.891884810472,(1.546),217.090701068869,(1.382),215.769980611401,(1.471),1.4846487999406623,217.53702818506818,217.370735051721,217.03240424032865,221.869024224491,(1.500),1.856682220566233,218.04052968438293,217.37073505172103,218.90871932602968,219.383491066423,(1.741),1.750962976515384,218.08976728221546,217.37073505172103,218.9248789463067,220.253237723325,(1.435),1.7324005424904554,218.1949267806114,217.37073505172103,219.16299271002714,217.242395865938,(1.555),1.6436027194755487,218.0629815867948,217.37073505172103,218.5647018648924,214.221769586927,(2.144),1.7367670471219034,217.75428479295311,217.37073505172103,217.30777426423225,209.253229698358,(1.711),2.4543394374956233,217.30271570329774,217.37073505172103,215.80629003798686
100,Washington,Female,225.947777356264,(1.304),228.201135910371,(1.222),227.265564784202,(1.563),225.73310603714,(1.355),225.547914725962,(1.205),0.9029880779031622,226.14024492617787,225.788725361438,225.55204900208759,228.157134931295,(1.711),1.0144587353142078,226.35335903432951,225.78872536143803,226.44404785953003,232.6726778176,(1.786),2.001600526462829,226.90439830504255,225.78872536143803,228.40391253913364,226.101112346985,(1.841),1.8777028403652034,226.72857267688778,225.78872536143803,227.5096613903196,222.269974268915,(1.400),2.0603028320114007,226.34178543635804,225.78872536143803,225.945936784207,219.274211602568,(2.065),2.465172017734562,225.87702467496243,225.78872536143803,224.3596547785295,222.505369194516,(1.504),2.45709698597481,225.71538299120945,225.78872536143803,224.10185084618132
101,West Virginia,Male,215.125299776137,(1.216),211.401583981933,(1.190),210.762436029295,(1.426),210.866604167164,(1.188),209.661679919915,(1.135),1.7169199173503962,210.59637601909085,209.90324495306803,208.5331765041925,210.808903719589,(1.157),1.560557456939737,210.59867061576384,209.90324495306803,209.04131502979328,212.335381158649,(1.483),1.5153164340862098,210.73165317917938,209.90324495306803,209.86178603742164,212.899002575232,(1.439),1.5276223360829593,210.85483886544472,209.90324495306803,210.49381584772556,208.285947395892,(1.414),1.5731547757718922,210.60974342048314,209.90324495306797,209.60258322034673,203.733748411153,(1.718),2.118627385311841,210.148735123177,209.90324495306794,208.21040092107904,203.055107348789,(1.707),2.530997319311193,209.7923222096029,209.90324495306794,207.35202185337187
102,West Virginia,Female,223.392785909584,(1.377),218.18613514489,(0.979),219.83980019746,(1.221),218.304084725482,(1.256),219.208867112146,(1.058),1.8816108649067427,218.66806626431602,217.6414757829634,217.18308642174486,218.714054321624,(1.035),1.7205106765011977,218.59798827011386,217.6414757829634,217.32275291536325,220.398975837218,(1.346),1.672379847438017,218.7073127779706,218.00882094540376,218.00882094540376,221.840048256304,(1.544),1.7736160966850039,218.88709696759346,218.18613514489,218.8184694960439,218.322045112546,(1.533),1.6906480530914445,218.76127894594958,218.18613514489,218.36441814613113,206.912615827038,(1.787),3.0716695311806195,217.9559356640703,217.64147578296337,215.54047867155003,208.936821168305,(1.677),3.510714776125349,217.50213994136982,217.64147578296337,214.43675142631093
103,Wisconsin,Male,216.54444046431,(1.181),218.513773216175,(1.195),222.459802698684,(1.252),216.606253978099,(1.549),218.81140105538,(1.040),1.9236657166077187,217.8822283254247,216.88290779156074,218.35498067535627,216.493363910807,(1.576),1.7835988754309644,217.59448225602856,216.88290779156074,217.2902127910836,220.369885970429,(1.361),1.81655565941322,217.80042464548893,216.88290779156074,218.10957699359642,216.729202781108,(1.173),1.716374474996454,217.63694565244268,216.88290779156074,217.48265182316555,215.733785996553,(1.467),1.6782962721632937,217.45110502711609,216.88290779156074,216.79471808405896,213.071527436385,(1.988),1.831562684566881,217.14433858678746,216.88290779156074,215.86859489899942,210.378548199238,(1.670),2.26946442049778,216.79693378591014,216.88290779156074,214.90550566159726
104,Wisconsin,Female,225.275279685794,(1.061),223.920221608874,(1.161),224.207963640129,(1.461),223.888108776553,(1.272),223.83793703166,(1.004),0.47714161724225895,223.98844993107568,223.82244057549426,223.4652262657697,225.472997383625,(1.926),0.6143939981713252,224.1581200604169,223.83793703166,224.1827297208966,226.447213851345,(1.249),0.8583564749517967,224.34574445191063,223.83793703166,224.8560568958034,222.770313133907,(1.196),0.892963141855158,224.16948788097386,223.82244057549426,224.134686955235,223.819506292496,(1.464),0.8433777803494089,224.12091898914662,223.82244057549426,223.95747579630176,221.786614049873,(1.919),0.935449961318077,223.95484606066887,223.82244057549423,223.40120606484817,220.620690876181,(1.694),1.1420538550885515,223.78266886583296,223.82244057549423,222.90769125328535
105,Wyoming,Male,219.001866787977,(1.270),221.004238238588,(1.190),222.365523776306,(0.830),219.129597190501,(0.969),220.510891119611,(1.050),1.2999930999932412,221.13775220389908,221.3435655746316,221.3435655746316,223.19886971541,(0.851),1.3360992808812306,221.47157397649593,222.00545983784403,222.42060170033758,225.76116261285,(1.052),1.7191174328488645,221.9128580628467,222.00545983784403,223.77510441154612,224.198569277745,(1.224),1.7101887761910173,222.07592005903393,222.00545983784403,224.0057833606466,225.553915624884,(1.207),1.8229047279242296,222.30259388435866,222.00545983784406,224.6783768718312,223.290848371016,(1.542),1.6929664864809402,222.28708918777738,222.00545983784406,223.95879184999544,218.044575501396,(1.342),1.8378249298152638,222.03705286710283,222.00545983784406,222.7320995107955
106,Wyoming,Female,225.302811922591,(1.006),225.570911843257,(1.032),228.220185703933,(0.945),226.497720780367,(1.047),227.814277617773,(1.001),1.0222293517050605,227.17027219833386,227.51389716453454,228.24122545727917,228.687527123865,(0.779),1.0416561551822012,227.3583855731663,227.51389716453454,228.63770606353683,230.555325049794,(1.202),1.3201408785270505,227.6533978898544,227.51389716453454,229.41542742917403,229.691692267162,(1.137),1.3449627585404837,227.77976221296313,227.51389716453457,229.53846294692624,227.889994995978,(1.107),1.259921029488423,227.75573901490756,227.51389716453457,229.26167764733955,226.411367257564,(1.538),1.1898773393613018,227.62589878580306,227.51389716453457,228.36308829423436,226.011054247596,(1.291),1.1806337532671463,227.5294124272698,227.51389716453457,227.87074820744482
